nama_kabupaten_kota,tahun,jumlah_anak_usia_0-23_bulan,jumlah_anak_0-23_terdaftar_jaminan_kesehatan,jumlah_anak_0-23_pertumbuhan_hijau,jumlah_anak_0-23_pertumbuhan_kuning,jumlah_anak_0-23_pertumbuhan_merah,jumlah_balita_stunting,persentase_balita_stunting,penemuan_kasus_pneumonia,kasus_pneumonia_berat,jumlah_kematian_kasus_pneumonia,jumlah_perkiraan_kasus_pneumonia,jumlah_balita_gizi_kurang_2019,jumlah_balita_kurus_2019,jumlah_balita_pendek_2019,jumlah_balita_gizi_kurang,kab/kota
KABUPATEN BOGOR,2010-01-01,,,,,,,,,,,,,,,,Bogor
KABUPATEN SUKABUMI,2010-01-01,,,,,,,,,,,,,,,,Sukabumi
KABUPATEN CIANJUR,2010-01-01,,,,,,,,,,,,,,,,Cianjur
KABUPATEN BANDUNG,2010-01-01,,,,,,,,,,,,,,,,Bandung
KABUPATEN GARUT,2010-01-01,,,,,,,,,,,,,,,,Garut
KABUPATEN TASIKMALAYA,2010-01-01,,,,,,,,,,,,,,,,Tasikmalaya
KABUPATEN CIAMIS,2010-01-01,,,,,,,,,,,,,,,,Ciamis
KABUPATEN KUNINGAN,2010-01-01,,,,,,,,,,,,,,,,Kuningan
KABUPATEN CIREBON,2010-01-01,,,,,,,,,,,,,,,,Cirebon
KABUPATEN MAJALENGKA,2010-01-01,,,,,,,,,,,,,,,,Majalengka
KABUPATEN SUMEDANG,2010-01-01,,,,,,,,,,,,,,,,Sumedang
KABUPATEN INDRAMAYU,2010-01-01,,,,,,,,,,,,,,,,Indramayu
KABUPATEN SUBANG,2010-01-01,,,,,,,,,,,,,,,,Subang
KABUPATEN PURWAKARTA,2010-01-01,,,,,,,,,,,,,,,,Purwakarta
KABUPATEN KARAWANG,2010-01-01,,,,,,,,,,,,,,,,Karawang
KABUPATEN BEKASI,2010-01-01,,,,,,,,,,,,,,,,Bekasi
KABUPATEN BANDUNG BARAT,2010-01-01,,,,,,,,,,,,,,,,Bandung Barat
KABUPATEN PANGANDARAN,2010-01-01,,,,,,,,,,,,,,,,Pangandaran
KOTA BOGOR,2010-01-01,,,,,,,,,,,,,,,,Kota Bogor
KOTA SUKABUMI,2010-01-01,,,,,,,,,,,,,,,,Kota Sukabumi
KOTA BANDUNG,2010-01-01,,,,,,,,,,,,,,,,Kota Bandung
KOTA CIREBON,2010-01-01,,,,,,,,,,,,,,,,Kota Cirebon
KOTA BEKASI,2010-01-01,,,,,,,,,,,,,,,,Kota Bekasi
KOTA DEPOK,2010-01-01,,,,,,,,,,,,,,,,Kota Depok
KOTA CIMAHI,2010-01-01,,,,,,,,,,,,,,,,Kota Cimahi
KOTA TASIKMALAYA,2010-01-01,,,,,,,,,,,,,,,,Kota Tasikmalaya
KOTA BANJAR,2010-01-01,,,,,,,,,,,,,,,,Kota Banjar
KABUPATEN BOGOR,2011-01-01,,,,,,,,,,,,,,,,Bogor
KABUPATEN SUKABUMI,2011-01-01,,,,,,,,,,,,,,,,Sukabumi
KABUPATEN CIANJUR,2011-01-01,,,,,,,,,,,,,,,,Cianjur
KABUPATEN BANDUNG,2011-01-01,,,,,,,,,,,,,,,,Bandung
KABUPATEN GARUT,2011-01-01,,,,,,,,,,,,,,,,Garut
KABUPATEN TASIKMALAYA,2011-01-01,,,,,,,,,,,,,,,,Tasikmalaya
KABUPATEN CIAMIS,2011-01-01,,,,,,,,,,,,,,,,Ciamis
KABUPATEN KUNINGAN,2011-01-01,,,,,,,,,,,,,,,,Kuningan
KABUPATEN CIREBON,2011-01-01,,,,,,,,,,,,,,,,Cirebon
KABUPATEN MAJALENGKA,2011-01-01,,,,,,,,,,,,,,,,Majalengka
KABUPATEN SUMEDANG,2011-01-01,,,,,,,,,,,,,,,,Sumedang
KABUPATEN INDRAMAYU,2011-01-01,,,,,,,,,,,,,,,,Indramayu
KABUPATEN SUBANG,2011-01-01,,,,,,,,,,,,,,,,Subang
KABUPATEN PURWAKARTA,2011-01-01,,,,,,,,,,,,,,,,Purwakarta
KABUPATEN KARAWANG,2011-01-01,,,,,,,,,,,,,,,,Karawang
KABUPATEN BEKASI,2011-01-01,,,,,,,,,,,,,,,,Bekasi
KABUPATEN BANDUNG BARAT,2011-01-01,,,,,,,,,,,,,,,,Bandung Barat
KABUPATEN PANGANDARAN,2011-01-01,,,,,,,,,,,,,,,,Pangandaran
KOTA BOGOR,2011-01-01,,,,,,,,,,,,,,,,Kota Bogor
KOTA SUKABUMI,2011-01-01,,,,,,,,,,,,,,,,Kota Sukabumi
KOTA BANDUNG,2011-01-01,,,,,,,,,,,,,,,,Kota Bandung
KOTA CIREBON,2011-01-01,,,,,,,,,,,,,,,,Kota Cirebon
KOTA BEKASI,2011-01-01,,,,,,,,,,,,,,,,Kota Bekasi
KOTA DEPOK,2011-01-01,,,,,,,,,,,,,,,,Kota Depok
KOTA CIMAHI,2011-01-01,,,,,,,,,,,,,,,,Kota Cimahi
KOTA TASIKMALAYA,2011-01-01,,,,,,,,,,,,,,,,Kota Tasikmalaya
KOTA BANJAR,2011-01-01,,,,,,,,,,,,,,,,Kota Banjar
KABUPATEN BOGOR,2012-01-01,,,,,,,,,,,,,,,,Bogor
KABUPATEN SUKABUMI,2012-01-01,,,,,,,,,,,,,,,,Sukabumi
KABUPATEN CIANJUR,2012-01-01,,,,,,,,,,,,,,,,Cianjur
KABUPATEN BANDUNG,2012-01-01,,,,,,,,,,,,,,,,Bandung
KABUPATEN GARUT,2012-01-01,,,,,,,,,,,,,,,,Garut
KABUPATEN TASIKMALAYA,2012-01-01,,,,,,,,,,,,,,,,Tasikmalaya
KABUPATEN CIAMIS,2012-01-01,,,,,,,,,,,,,,,,Ciamis
KABUPATEN KUNINGAN,2012-01-01,,,,,,,,,,,,,,,,Kuningan
KABUPATEN CIREBON,2012-01-01,,,,,,,,,,,,,,,,Cirebon
KABUPATEN MAJALENGKA,2012-01-01,,,,,,,,,,,,,,,,Majalengka
KABUPATEN SUMEDANG,2012-01-01,,,,,,,,,,,,,,,,Sumedang
KABUPATEN INDRAMAYU,2012-01-01,,,,,,,,,,,,,,,,Indramayu
KABUPATEN SUBANG,2012-01-01,,,,,,,,,,,,,,,,Subang
KABUPATEN PURWAKARTA,2012-01-01,,,,,,,,,,,,,,,,Purwakarta
KABUPATEN KARAWANG,2012-01-01,,,,,,,,,,,,,,,,Karawang
KABUPATEN BEKASI,2012-01-01,,,,,,,,,,,,,,,,Bekasi
KABUPATEN BANDUNG BARAT,2012-01-01,,,,,,,,,,,,,,,,Bandung Barat
KABUPATEN PANGANDARAN,2012-01-01,,,,,,,,,,,,,,,,Pangandaran
KOTA BOGOR,2012-01-01,,,,,,,,,,,,,,,,Kota Bogor
KOTA SUKABUMI,2012-01-01,,,,,,,,,,,,,,,,Kota Sukabumi
KOTA BANDUNG,2012-01-01,,,,,,,,,,,,,,,,Kota Bandung
KOTA CIREBON,2012-01-01,,,,,,,,,,,,,,,,Kota Cirebon
KOTA BEKASI,2012-01-01,,,,,,,,,,,,,,,,Kota Bekasi
KOTA DEPOK,2012-01-01,,,,,,,,,,,,,,,,Kota Depok
KOTA CIMAHI,2012-01-01,,,,,,,,,,,,,,,,Kota Cimahi
KOTA TASIKMALAYA,2012-01-01,,,,,,,,,,,,,,,,Kota Tasikmalaya
KOTA BANJAR,2012-01-01,,,,,,,,,,,,,,,,Kota Banjar
KABUPATEN BOGOR,2013-01-01,,,,,,,,,,,,,,,,Bogor
KABUPATEN SUKABUMI,2013-01-01,,,,,,,,,,,,,,,,Sukabumi
KABUPATEN CIANJUR,2013-01-01,,,,,,,,,,,,,,,,Cianjur
KABUPATEN BANDUNG,2013-01-01,,,,,,,,,,,,,,,,Bandung
KABUPATEN GARUT,2013-01-01,,,,,,,,,,,,,,,,Garut
KABUPATEN TASIKMALAYA,2013-01-01,,,,,,,,,,,,,,,,Tasikmalaya
KABUPATEN CIAMIS,2013-01-01,,,,,,,,,,,,,,,,Ciamis
KABUPATEN KUNINGAN,2013-01-01,,,,,,,,,,,,,,,,Kuningan
KABUPATEN CIREBON,2013-01-01,,,,,,,,,,,,,,,,Cirebon
KABUPATEN MAJALENGKA,2013-01-01,,,,,,,,,,,,,,,,Majalengka
KABUPATEN SUMEDANG,2013-01-01,,,,,,,,,,,,,,,,Sumedang
KABUPATEN INDRAMAYU,2013-01-01,,,,,,,,,,,,,,,,Indramayu
KABUPATEN SUBANG,2013-01-01,,,,,,,,,,,,,,,,Subang
KABUPATEN PURWAKARTA,2013-01-01,,,,,,,,,,,,,,,,Purwakarta
KABUPATEN KARAWANG,2013-01-01,,,,,,,,,,,,,,,,Karawang
KABUPATEN BEKASI,2013-01-01,,,,,,,,,,,,,,,,Bekasi
KABUPATEN BANDUNG BARAT,2013-01-01,,,,,,,,,,,,,,,,Bandung Barat
KABUPATEN PANGANDARAN,2013-01-01,,,,,,,,,,,,,,,,Pangandaran
KOTA BOGOR,2013-01-01,,,,,,,,,,,,,,,,Kota Bogor
KOTA SUKABUMI,2013-01-01,,,,,,,,,,,,,,,,Kota Sukabumi
KOTA BANDUNG,2013-01-01,,,,,,,,,,,,,,,,Kota Bandung
KOTA CIREBON,2013-01-01,,,,,,,,,,,,,,,,Kota Cirebon
KOTA BEKASI,2013-01-01,,,,,,,,,,,,,,,,Kota Bekasi
KOTA DEPOK,2013-01-01,,,,,,,,,,,,,,,,Kota Depok
KOTA CIMAHI,2013-01-01,,,,,,,,,,,,,,,,Kota Cimahi
KOTA TASIKMALAYA,2013-01-01,,,,,,,,,,,,,,,,Kota Tasikmalaya
KOTA BANJAR,2013-01-01,,,,,,,,,,,,,,,,Kota Banjar
KABUPATEN BOGOR,2014-01-01,,,,,,40314.0,0.0904,,,,,,,,,Bogor
KABUPATEN SUKABUMI,2014-01-01,,,,,,25332.0,0.1221,,,,,,,,,Sukabumi
KABUPATEN CIANJUR,2014-01-01,,,,,,26687.0,0.1433,,,,,,,,,Cianjur
KABUPATEN BANDUNG,2014-01-01,,,,,,46412.0,0.1714,,,,,,,,,Bandung
KABUPATEN GARUT,2014-01-01,,,,,,14609.0,0.0712,,,,,,,,,Garut
KABUPATEN TASIKMALAYA,2014-01-01,,,,,,28481.0,0.238,,,,,,,,,Tasikmalaya
KABUPATEN CIAMIS,2014-01-01,,,,,,2929.0,0.0512,,,,,,,,,Ciamis
KABUPATEN KUNINGAN,2014-01-01,,,,,,6551.0,0.0751999999999999,,,,,,,,,Kuningan
KABUPATEN CIREBON,2014-01-01,,,,,,22805.0,0.1294,,,,,,,,,Cirebon
KABUPATEN MAJALENGKA,2014-01-01,,,,,,9396.0,0.1043,,,,,,,,,Majalengka
KABUPATEN SUMEDANG,2014-01-01,,,,,,0.0,0.0,,,,,,,,,Sumedang
KABUPATEN INDRAMAYU,2014-01-01,,,,,,0.0,0.0,,,,,,,,,Indramayu
KABUPATEN SUBANG,2014-01-01,,,,,,4152.0,0.0355,,,,,,,,,Subang
KABUPATEN PURWAKARTA,2014-01-01,,,,,,6091.0,0.08,,,,,,,,,Purwakarta
KABUPATEN KARAWANG,2014-01-01,,,,,,23912.0,0.1379,,,,,,,,,Karawang
KABUPATEN BEKASI,2014-01-01,,,,,,23473.0,0.102,,,,,,,,,Bekasi
KABUPATEN BANDUNG BARAT,2014-01-01,,,,,,20233.0,0.1636,,,,,,,,,Bandung Barat
KABUPATEN PANGANDARAN,2014-01-01,,,,,,6055.0,0.0762999999999999,,,,,,,,,Pangandaran
KOTA BOGOR,2014-01-01,,,,,,2601.0,0.1178,,,,,,,,,Kota Bogor
KOTA SUKABUMI,2014-01-01,,,,,,11761.0,0.0868,,,,,,,,,Kota Sukabumi
KOTA BANDUNG,2014-01-01,,,,,,2466.0,0.1134,,,,,,,,,Kota Bandung
KOTA CIREBON,2014-01-01,,,,,,22993.0,0.1363,,,,,,,,,Kota Cirebon
KOTA BEKASI,2014-01-01,,,,,,10106.0,0.0843,,,,,,,,,Kota Bekasi
KOTA DEPOK,2014-01-01,,,,,,6199.0,0.1747,,,,,,,,,Kota Depok
KOTA CIMAHI,2014-01-01,,,,,,6859.0,0.1319,,,,,,,,,Kota Cimahi
KOTA TASIKMALAYA,2014-01-01,,,,,,912.0,0.0678,,,,,,,,,Kota Tasikmalaya
KOTA BANJAR,2014-01-01,,,,,,660.0,0.0317,,,,,,,,,Kota Banjar
KABUPATEN BOGOR,2015-01-01,,,,,,33721.0,0.0738,,,,,,,,,Bogor
KABUPATEN SUKABUMI,2015-01-01,,,,,,20488.0,0.0972,,,,,,,,,Sukabumi
KABUPATEN CIANJUR,2015-01-01,,,,,,26582.0,0.1494,,,,,,,,,Cianjur
KABUPATEN BANDUNG,2015-01-01,,,,,,16357.0,0.0834,,,,,,,,,Bandung
KABUPATEN GARUT,2015-01-01,,,,,,16624.0,0.0767,,,,,,,,,Garut
KABUPATEN TASIKMALAYA,2015-01-01,,,,,,18697.0,0.1675,,,,,,,,,Tasikmalaya
KABUPATEN CIAMIS,2015-01-01,,,,,,2236.0,0.0283,,,,,,,,,Ciamis
KABUPATEN KUNINGAN,2015-01-01,,,,,,3976.0,0.0787,,,,,,,,,Kuningan
KABUPATEN CIREBON,2015-01-01,,,,,,22667.0,0.1256,,,,,,,,,Cirebon
KABUPATEN MAJALENGKA,2015-01-01,,,,,,5785.0,0.0633,,,,,,,,,Majalengka
KABUPATEN SUMEDANG,2015-01-01,,,,,,2164.0,0.1527,,,,,,,,,Sumedang
KABUPATEN INDRAMAYU,2015-01-01,,,,,,17049.0,0.2144,,,,,,,,,Indramayu
KABUPATEN SUBANG,2015-01-01,,,,,,3005.0,0.0256,,,,,,,,,Subang
KABUPATEN PURWAKARTA,2015-01-01,,,,,,7820.0,0.1018,,,,,,,,,Purwakarta
KABUPATEN KARAWANG,2015-01-01,,,,,,24795.0,0.1409,,,,,,,,,Karawang
KABUPATEN BEKASI,2015-01-01,,,,,,20699.0,0.0892999999999999,,,,,,,,,Bekasi
KABUPATEN BANDUNG BARAT,2015-01-01,,,,,,14809.0,0.1156,,,,,,,,,Bandung Barat
KABUPATEN PANGANDARAN,2015-01-01,,,,,,7030.0,0.0861,,,,,,,,,Pangandaran
KOTA BOGOR,2015-01-01,,,,,,1975.0,0.1037,,,,,,,,,Kota Bogor
KOTA SUKABUMI,2015-01-01,,,,,,12142.0,0.0896,,,,,,,,,Kota Sukabumi
KOTA BANDUNG,2015-01-01,,,,,,2778.0,0.1283,,,,,,,,,Kota Bandung
KOTA CIREBON,2015-01-01,,,,,,18145.0,0.1164,,,,,,,,,Kota Cirebon
KOTA BEKASI,2015-01-01,,,,,,8952.0,0.0739,,,,,,,,,Kota Bekasi
KOTA DEPOK,2015-01-01,,,,,,6298.0,0.1735,,,,,,,,,Kota Depok
KOTA CIMAHI,2015-01-01,,,,,,7769.0,0.1581,,,,,,,,,Kota Cimahi
KOTA TASIKMALAYA,2015-01-01,,,,,,908.0,0.0677,,,,,,,,,Kota Tasikmalaya
KOTA BANJAR,2015-01-01,,,,,,1194.0,0.0456,,,,,,,,,Kota Banjar
KABUPATEN BOGOR,2016-01-01,,,,,,32035.0,0.0687,,,,,,,,,Bogor
KABUPATEN SUKABUMI,2016-01-01,,,,,,28376.0,0.1342,,,,,,,,,Sukabumi
KABUPATEN CIANJUR,2016-01-01,,,,,,26666.0,0.1342,,,,,,,,,Cianjur
KABUPATEN BANDUNG,2016-01-01,,,,,,20391.0,0.0751999999999999,,,,,,,,,Bandung
KABUPATEN GARUT,2016-01-01,,,,,,15305.0,0.0681,,,,,,,,,Garut
KABUPATEN TASIKMALAYA,2016-01-01,,,,,,17563.0,0.1575,,,,,,,,,Tasikmalaya
KABUPATEN CIAMIS,2016-01-01,,,,,,4092.0,0.104,,,,,,,,,Ciamis
KABUPATEN KUNINGAN,2016-01-01,,,,,,7205.0,0.0834,,,,,,,,,Kuningan
KABUPATEN CIREBON,2016-01-01,,,,,,24626.0,0.1342,,,,,,,,,Cirebon
KABUPATEN MAJALENGKA,2016-01-01,,,,,,3257.0,0.0338,,,,,,,,,Majalengka
KABUPATEN SUMEDANG,2016-01-01,,,,,,9688.0,0.1164,,,,,,,,,Sumedang
KABUPATEN INDRAMAYU,2016-01-01,,,,,,26430.0,0.2349,,,,,,,,,Indramayu
KABUPATEN SUBANG,2016-01-01,,,,,,5757.0,0.0497,,,,,,,,,Subang
KABUPATEN PURWAKARTA,2016-01-01,,,,,,7803.0,0.0994,,,,,,,,,Purwakarta
KABUPATEN KARAWANG,2016-01-01,,,,,,23411.0,0.1382,,,,,,,,,Karawang
KABUPATEN BEKASI,2016-01-01,,,,,,10843.0,0.054,,,,,,,,,Bekasi
KABUPATEN BANDUNG BARAT,2016-01-01,,,,,,10734.0,0.0791999999999999,,,,,,,,,Bandung Barat
KABUPATEN PANGANDARAN,2016-01-01,,,,,,1284.0,0.0511,,,,,,,,,Pangandaran
KOTA BOGOR,2016-01-01,,,,,,6794.0,0.0758,,,,,,,,,Kota Bogor
KOTA SUKABUMI,2016-01-01,,,,,,2457.0,0.1057,,,,,,,,,Kota Sukabumi
KOTA BANDUNG,2016-01-01,,,,,,9194.0,0.0643,,,,,,,,,Kota Bandung
KOTA CIREBON,2016-01-01,,,,,,2767.0,0.1243,,,,,,,,,Kota Cirebon
KOTA BEKASI,2016-01-01,,,,,,16707.0,0.1106,,,,,,,,,Kota Bekasi
KOTA DEPOK,2016-01-01,,,,,,8850.0,0.0701,,,,,,,,,Kota Depok
KOTA CIMAHI,2016-01-01,,,,,,5605.0,0.1418,,,,,,,,,Kota Cimahi
KOTA TASIKMALAYA,2016-01-01,,,,,,7145.0,0.1401,,,,,,,,,Kota Tasikmalaya
KOTA BANJAR,2016-01-01,,,,,,1154.0,0.0867,,,,,,,,,Kota Banjar
KABUPATEN BOGOR,2017-01-01,,,,,,23797.0,0.0538,,,,,,,,,Bogor
KABUPATEN SUKABUMI,2017-01-01,,,,,,22776.0,0.1093,,,,,,,,,Sukabumi
KABUPATEN CIANJUR,2017-01-01,,,,,,27625.0,0.1392,,,,,,,,,Cianjur
KABUPATEN BANDUNG,2017-01-01,,,,,,12272.0,0.0962,,,,,,,,,Bandung
KABUPATEN GARUT,2017-01-01,,,,,,6619.0,0.1265,,,,,,,,,Garut
KABUPATEN TASIKMALAYA,2017-01-01,,,,,,17588.0,0.1526,,,,,,,,,Tasikmalaya
KABUPATEN CIAMIS,2017-01-01,,,,,,5831.0,0.0855,,,,,,,,,Ciamis
KABUPATEN KUNINGAN,2017-01-01,,,,,,5101.0,0.064,,,,,,,,,Kuningan
KABUPATEN CIREBON,2017-01-01,,,,,,20017.0,0.1112,,,,,,,,,Cirebon
KABUPATEN MAJALENGKA,2017-01-01,,,,,,2295.0,0.0251,,,,,,,,,Majalengka
KABUPATEN SUMEDANG,2017-01-01,,,,,,9222.0,0.1125,,,,,,,,,Sumedang
KABUPATEN INDRAMAYU,2017-01-01,,,,,,18227.0,0.2306,,,,,,,,,Indramayu
KABUPATEN SUBANG,2017-01-01,,,,,,4275.0,0.0493,,,,,,,,,Subang
KABUPATEN PURWAKARTA,2017-01-01,,,,,,6858.0,0.0939,,,,,,,,,Purwakarta
KABUPATEN KARAWANG,2017-01-01,,,,,,16865.0,0.1418,,,,,,,,,Karawang
KABUPATEN BEKASI,2017-01-01,,,,,,3861.0,0.0425,,,,,,,,,Bekasi
KABUPATEN BANDUNG BARAT,2017-01-01,,,,,,10487.0,0.08,,,,,,,,,Bandung Barat
KABUPATEN PANGANDARAN,2017-01-01,,,,,,993.0,0.0379,,,,,,,,,Pangandaran
KOTA BOGOR,2017-01-01,,,,,,5538.0,0.0659,,,,,,,,,Kota Bogor
KOTA SUKABUMI,2017-01-01,,,,,,2161.0,0.0898,,,,,,,,,Kota Sukabumi
KOTA BANDUNG,2017-01-01,,,,,,2506.0,0.0199,,,,,,,,,Kota Bandung
KOTA CIREBON,2017-01-01,,,,,,2953.0,0.1369,,,,,,,,,Kota Cirebon
KOTA BEKASI,2017-01-01,,,,,,18215.0,0.1143,,,,,,,,,Kota Bekasi
KOTA DEPOK,2017-01-01,,,,,,6835.0,0.0594,,,,,,,,,Kota Depok
KOTA CIMAHI,2017-01-01,,,,,,3447.0,0.1454,,,,,,,,,Kota Cimahi
KOTA TASIKMALAYA,2017-01-01,,,,,,6572.0,0.1311999999999999,,,,,,,,,Kota Tasikmalaya
KOTA BANJAR,2017-01-01,,,,,,1036.0,0.0796,,,,,,,,,Kota Banjar
KABUPATEN BOGOR,2018-01-01,,,,,,7642.0,0.0108,,,,,,,,,Bogor
KABUPATEN SUKABUMI,2018-01-01,,,,,,10691.0,0.0532,,,,,,,,,Sukabumi
KABUPATEN CIANJUR,2018-01-01,,,,,,12476.0,0.0657,,,,,,,,,Cianjur
KABUPATEN BANDUNG,2018-01-01,,,,,,21131.0,0.0791,,,,,,,,,Bandung
KABUPATEN GARUT,2018-01-01,,,,,,10368.0,0.1207,,,,,,,,,Garut
KABUPATEN TASIKMALAYA,2018-01-01,,,,,,18644.0,0.1571,,,,,,,,,Tasikmalaya
KABUPATEN CIAMIS,2018-01-01,,,,,,4847.0,0.0647,,,,,,,,,Ciamis
KABUPATEN KUNINGAN,2018-01-01,,,,,,5906.0,0.0819,,,,,,,,,Kuningan
KABUPATEN CIREBON,2018-01-01,,,,,,11082.0,0.1029,,,,,,,,,Cirebon
KABUPATEN MAJALENGKA,2018-01-01,,,,,,1958.0,0.0222,,,,,,,,,Majalengka
KABUPATEN SUMEDANG,2018-01-01,,,,,,8032.0,0.0995,,,,,,,,,Sumedang
KABUPATEN INDRAMAYU,2018-01-01,,,,,,25558.0,0.2051,,,,,,,,,Indramayu
KABUPATEN SUBANG,2018-01-01,,,,,,3741.0,0.0326,,,,,,,,,Subang
KABUPATEN PURWAKARTA,2018-01-01,,,,,,5953.0,0.0782,,,,,,,,,Purwakarta
KABUPATEN KARAWANG,2018-01-01,,,,,,18436.0,0.1875,,,,,,,,,Karawang
KABUPATEN BEKASI,2018-01-01,,,,,,6045.0,0.0476999999999999,,,,,,,,,Bekasi
KABUPATEN BANDUNG BARAT,2018-01-01,,,,,,7578.0,0.0694,,,,,,,,,Bandung Barat
KABUPATEN PANGANDARAN,2018-01-01,,,,,,634.0,0.0647,,,,,,,,,Pangandaran
KOTA BOGOR,2018-01-01,,,,,,4050.0,0.048,,,,,,,,,Kota Bogor
KOTA SUKABUMI,2018-01-01,,,,,,2826.0,0.1213,,,,,,,,,Kota Sukabumi
KOTA BANDUNG,2018-01-01,,,,,,10048.0,0.0756,,,,,,,,,Kota Bandung
KOTA CIREBON,2018-01-01,,,,,,2253.0,0.101,,,,,,,,,Kota Cirebon
KOTA BEKASI,2018-01-01,,,,,,8087.0,0.1818,,,,,,,,,Kota Bekasi
KOTA DEPOK,2018-01-01,,,,,,6751.0,0.0541,,,,,,,,,Kota Depok
KOTA CIMAHI,2018-01-01,,,,,,3585.0,0.0975,,,,,,,,,Kota Cimahi
KOTA TASIKMALAYA,2018-01-01,,,,,,5149.0,0.1079,,,,,,,,,Kota Tasikmalaya
KOTA BANJAR,2018-01-01,,,,,,1054.0,0.0824,,,,,,,,,Kota Banjar
KABUPATEN BOGOR,2019-01-01,77873.0,54171.0,70965.0,2507.0,800.0,18752.0,0.0406,7269.0,56.0,0.0,26985.0,20999.0,16179.0,86706.0,20999.0,Bogor
KABUPATEN SUKABUMI,2019-01-01,78924.0,28396.0,53908.0,2427.0,1181.0,15583.0,0.0828999999999999,4506.0,400.0,8.0,11492.0,8016.0,6641.0,11352.0,8016.0,Sukabumi
KABUPATEN CIANJUR,2019-01-01,36879.0,18085.0,27429.0,1618.0,834.0,12761.0,0.0661,4243.0,47.0,0.0,10812.0,8553.0,3570.0,10017.0,8553.0,Cianjur
KABUPATEN BANDUNG,2019-01-01,57660.0,31049.0,49998.0,2943.0,1638.0,19121.0,0.0732,7614.0,735.0,1.0,17174.0,12706.0,3954.0,15020.0,12706.0,Bandung
KABUPATEN GARUT,2019-01-01,83767.0,33078.0,45388.0,2333.0,877.0,9723.0,0.048,8011.0,363.0,0.0,11780.0,7718.0,3682.0,9255.0,7718.0,Garut
KABUPATEN TASIKMALAYA,2019-01-01,32285.0,13600.0,24282.0,1734.0,795.0,17254.0,0.1506,3823.0,79.0,0.0,8143.0,8865.0,2971.0,17254.0,8865.0,Tasikmalaya
KABUPATEN CIAMIS,2019-01-01,20366.0,9279.0,16780.0,1240.0,650.0,4254.0,0.0733,5008.0,64.0,0.0,5492.0,306.0,1613.0,614.0,306.0,Ciamis
KABUPATEN KUNINGAN,2019-01-01,40173.0,18364.0,27528.0,1128.0,1453.0,5553.0,0.084,2229.0,48.0,0.0,4993.0,4088.0,2270.0,5553.0,4088.0,Kuningan
KABUPATEN CIREBON,2019-01-01,56729.0,39316.0,52159.0,3455.0,1370.0,14127.0,0.0793,10776.0,42.0,1.0,10058.0,13743.0,6098.0,14127.0,13743.0,Cirebon
KABUPATEN MAJALENGKA,2019-01-01,27898.0,17743.0,25181.0,1116.0,805.0,4642.0,0.0527,4531.0,146.0,0.0,5567.0,4220.0,2133.0,3905.0,4220.0,Majalengka
KABUPATEN SUMEDANG,2019-01-01,16407.0,10361.0,14560.0,1267.0,861.0,6780.0,0.0877,3979.0,257.0,0.0,5324.0,4237.0,1676.0,6780.0,4237.0,Sumedang
KABUPATEN INDRAMAYU,2019-01-01,26848.0,17588.0,27491.0,503.0,638.0,19458.0,0.1539,6602.0,177.0,0.0,11102.0,13640.0,10369.0,20255.0,13640.0,Indramayu
KABUPATEN SUBANG,2019-01-01,262919.0,13051.0,24617.0,1352.0,1603.0,2476.0,0.022,4885.0,21.0,0.0,7037.0,3974.0,1892.0,2476.0,3974.0,Subang
KABUPATEN PURWAKARTA,2019-01-01,15610.0,9290.0,11156.0,554.0,969.0,3451.0,0.046,3653.0,23.0,1.0,4453.0,2622.0,669.0,2453.0,2622.0,Purwakarta
KABUPATEN KARAWANG,2019-01-01,26163.0,21156.0,20675.0,1897.0,857.0,4940.0,0.0417,5494.0,230.0,0.0,10100.0,4310.0,3354.0,3654.0,4310.0,Karawang
KABUPATEN BEKASI,2019-01-01,22016.0,19789.0,15039.0,351.0,206.0,7436.0,0.0342,2136.0,40.0,0.0,12201.0,7948.0,5153.0,7838.0,7948.0,Bekasi
KABUPATEN BANDUNG BARAT,2019-01-01,46299.0,20436.0,26916.0,952.0,740.0,9322.0,0.076,2497.0,27.0,3.0,7404.0,6130.0,1684.0,8151.0,6130.0,Bandung Barat
KABUPATEN PANGANDARAN,2019-01-01,5022.0,2363.0,4428.0,340.0,129.0,7863.0,0.2167,778.0,8.0,0.0,2041.0,773.0,39.0,853.0,773.0,Pangandaran
KOTA BOGOR,2019-01-01,,,,,,3757.0,0.0454,3618.0,30.0,0.0,5069.0,3859.0,2047.0,3192.0,3859.0,Kota Bogor
KOTA SUKABUMI,2019-01-01,,,,,,2069.0,0.0931,1374.0,22.0,0.0,1593.0,1333.0,634.0,1683.0,1333.0,Kota Sukabumi
KOTA BANDUNG,2019-01-01,,,,,,8121.0,0.0653,8098.0,487.0,3.0,11567.0,7959.0,3999.0,8121.0,7959.0,Kota Bandung
KOTA CIREBON,2019-01-01,,,,,,2411.0,0.1121,2037.0,11.0,1.0,1475.0,2229.0,2472.0,874.0,2229.0,Kota Cirebon
KOTA BEKASI,2019-01-01,,,,,,11737.0,0.1069,2801.0,56.0,0.0,13924.0,5797.0,4955.0,8010.0,5797.0,Kota Bekasi
KOTA DEPOK,2019-01-01,,,,,,5241.0,0.0455,1694.0,29.0,0.0,11120.0,5450.0,3021.0,5241.0,5450.0,Kota Depok
KOTA CIMAHI,2019-01-01,,,,,,3269.0,0.0906,1371.0,18.0,0.0,2718.0,2014.0,888.0,3269.0,2014.0,Kota Cimahi
KOTA TASIKMALAYA,2019-01-01,,,,,,5373.0,0.1095,1686.0,51.0,1.0,3047.0,3738.0,1679.0,5373.0,3738.0,Kota Tasikmalaya
KOTA BANJAR,2019-01-01,1380.0,717.0,1397.0,35.0,6.0,962.0,0.0761,569.0,4.0,1.0,935.0,968.0,523.0,962.0,968.0,Kota Banjar
KABUPATEN BOGOR,2020-01-01,108082.0,68871.0,95429.0,3045.0,733.0,34020.0,0.1147,,,,,,,,21322.0,Bogor
KABUPATEN SUKABUMI,2020-01-01,83988.0,35708.0,58807.0,3343.0,1198.0,14106.0,0.0689,,,,,,,,8838.0,Sukabumi
KABUPATEN CIANJUR,2020-01-01,56044.0,29807.0,46900.0,1557.0,366.0,11680.0,0.064,,,,,,,,9069.0,Cianjur
KABUPATEN BANDUNG,2020-01-01,75067.0,40941.0,67025.0,3294.0,1091.0,29581.0,0.1577,,,,,,,,13728.0,Bandung
KABUPATEN GARUT,2020-01-01,91067.0,37820.0,56872.0,2159.0,875.0,13523.0,0.0639,,,,,,,,9128.0,Garut
KABUPATEN TASIKMALAYA,2020-01-01,38378.0,18622.0,30926.0,2712.0,1002.0,18952.0,0.1897,,,,,,,,9275.0,Tasikmalaya
KABUPATEN CIAMIS,2020-01-01,24710.0,11697.0,20077.0,1478.0,498.0,7688.0,0.1124,,,,,,,,4810.0,Ciamis
KABUPATEN KUNINGAN,2020-01-01,30077.0,21383.0,28440.0,805.0,332.0,5298.0,0.0798,,,,,,,,4265.0,Kuningan
KABUPATEN CIREBON,2020-01-01,62610.0,44623.0,55693.0,3351.0,964.0,21733.0,0.1389,,,,,,,,15737.0,Cirebon
KABUPATEN MAJALENGKA,2020-01-01,31575.0,20186.0,31632.0,1330.0,552.0,4381.0,0.0529,,,,,,,,4549.0,Majalengka
KABUPATEN SUMEDANG,2020-01-01,21211.0,13444.0,19147.0,1074.0,560.0,8870.0,0.1191,,,,,,,,5784.0,Sumedang
KABUPATEN INDRAMAYU,2020-01-01,32354.0,22789.0,35912.0,696.0,181.0,11166.0,0.1023,,,,,,,,5218.0,Indramayu
KABUPATEN SUBANG,2020-01-01,46601.0,19777.0,31404.0,2284.0,1898.0,4283.0,0.0517,,,,,,,,2977.0,Subang
KABUPATEN PURWAKARTA,2020-01-01,21805.0,18067.0,17108.0,1013.0,272.0,8051.0,0.1269,,,,,,,,2648.0,Purwakarta
KABUPATEN KARAWANG,2020-01-01,40661.0,31527.0,34780.0,1039.0,330.0,3982.0,0.0254,,,,,,,,4647.0,Karawang
KABUPATEN BEKASI,2020-01-01,40549.0,35689.0,36350.0,11470.0,439.0,9373.0,0.0427,,,,,,,,6723.0,Bekasi
KABUPATEN BANDUNG BARAT,2020-01-01,40989.0,23742.0,35067.0,1061.0,195.0,15440.0,0.1357,,,,,,,,6130.0,Bandung Barat
KABUPATEN PANGANDARAN,2020-01-01,7346.0,3190.0,5725.0,311.0,126.0,1312.0,0.0587,,,,,,,,161.0,Pangandaran
KOTA BOGOR,2020-01-01,,,,,,5948.0,0.0765,,,,,,,,2915.0,Kota Bogor
KOTA SUKABUMI,2020-01-01,,,,,,1616.0,0.0732,,,,,,,,1333.0,Kota Sukabumi
KOTA BANDUNG,2020-01-01,,,,,,9508.0,0.0886,,,,,,,,7910.0,Kota Bandung
KOTA CIREBON,2020-01-01,,,,,,2360.0,0.1375,,,,,,,,2149.0,Kota Cirebon
KOTA BEKASI,2020-01-01,,,,,,13964.0,0.1035,,,,,,,,8228.0,Kota Bekasi
KOTA DEPOK,2020-01-01,,,,,,6425.0,0.0809,,,,,,,,5948.0,Kota Depok
KOTA CIMAHI,2020-01-01,,,,,,3708.0,0.1152,,,,,,,,2491.0,Kota Cimahi
KOTA TASIKMALAYA,2020-01-01,,,,,,7746.0,0.1757,,,,,,,,3738.0,Kota Tasikmalaya
KOTA BANJAR,2020-01-01,2755.0,1480.0,2609.0,68.0,51.0,1355.0,0.1381,,,,,,,,1086.0,Kota Banjar
KABUPATEN BOGOR,2021-01-01,128793.0,85812.0,114830.0,,806.0,30844.0,0.0959,,,,,,,,16821.0,Bogor
KABUPATEN SUKABUMI,2021-01-01,71774.0,38930.0,69340.0,,1293.0,14347.0,0.0733,,,,,,,,6099.0,Sukabumi
KABUPATEN CIANJUR,2021-01-01,63885.0,35429.0,55961.0,,1074.0,7768.0,0.0423,,,,,,,,5788.0,Cianjur
KABUPATEN BANDUNG,2021-01-01,93968.0,53798.0,81370.0,,1425.0,20461.0,0.0885,,,,,,,,8809.0,Bandung
KABUPATEN GARUT,2021-01-01,70474.0,37239.0,61374.0,,639.0,10027.0,0.0478,,,,,,,,313.0,Garut
KABUPATEN TASIKMALAYA,2021-01-01,44877.0,20804.0,34521.0,,1210.0,15183.0,0.1493,,,,,,,,4572.0,Tasikmalaya
KABUPATEN CIAMIS,2021-01-01,26422.0,14757.0,23089.0,,923.0,3303.0,0.0483,,,,,,,,2368.0,Ciamis
KABUPATEN KUNINGAN,2021-01-01,29992.0,20945.0,28637.0,,288.0,3665.0,0.0537,,,,,,,,2461.0,Kuningan
KABUPATEN CIREBON,2021-01-01,72750.0,53589.0,62897.0,,1296.0,15220.0,0.0936,,,,,,,,13385.0,Cirebon
KABUPATEN MAJALENGKA,2021-01-01,33622.0,21071.0,33143.0,,345.0,2934.0,0.0352,,,,,,,,3705.0,Majalengka
KABUPATEN SUMEDANG,2021-01-01,24823.0,15461.0,22947.0,,743.0,8117.0,0.1103,,,,,,,,2382.0,Sumedang
KABUPATEN INDRAMAYU,2021-01-01,37977.0,26697.0,36314.0,,235.0,5208.0,0.0483,,,,,,,,5586.0,Indramayu
KABUPATEN SUBANG,2021-01-01,49342.0,22870.0,33006.0,,817.0,2088.0,0.0245,,,,,,,,2736.0,Subang
KABUPATEN PURWAKARTA,2021-01-01,23457.0,21443.0,18987.0,,490.0,3709.0,0.0558,,,,,,,,922.0,Purwakarta
KABUPATEN KARAWANG,2021-01-01,42705.0,35437.0,38327.0,,286.0,3715.0,0.023,,,,,,,,2914.0,Karawang
KABUPATEN BEKASI,2021-01-01,45803.0,39475.0,39035.0,,629.0,8755.0,0.0392,,,,,,,,15485.0,Bekasi
KABUPATEN BANDUNG BARAT,2021-01-01,50043.0,33519.0,45953.0,,249.0,12488.0,0.1185,,,,,,,,5210.0,Bandung Barat
KABUPATEN PANGANDARAN,2021-01-01,9020.0,5629.0,7287.0,,145.0,999.0,0.042,,,,,,,,347.0,Pangandaran
KOTA BOGOR,2021-01-01,,,,,,3950.0,0.054,,,,,,,,2990.0,Kota Bogor
KOTA SUKABUMI,2021-01-01,,,,,,1180.0,0.059,,,,,,,,621.0,Kota Sukabumi
KOTA BANDUNG,2021-01-01,,,,,,6312.0,0.0783,,,,,,,,4996.0,Kota Bandung
KOTA CIREBON,2021-01-01,,,,,,2411.0,0.1339,,,,,,,,2394.0,Kota Cirebon
KOTA BEKASI,2021-01-01,,,,,,9820.0,0.0787,,,,,,,,5662.0,Kota Bekasi
KOTA DEPOK,2021-01-01,,,,,,3726.0,0.0351,,,,,,,,2397.0,Kota Depok
KOTA CIMAHI,2021-01-01,,,,,,3161.0,0.0994,,,,,,,,1221.0,Kota Cimahi
KOTA TASIKMALAYA,2021-01-01,,,,,,6194.0,0.1546,,,,,,,,3766.0,Kota Tasikmalaya
KOTA BANJAR ,2019-01-01,,,,,,,,,,,,,,,,Kota Banjar
KOTA BANJAR ,2020-01-01,,,,,,,,,,,,,,,,Kota Banjar
KOTA BANJAR,2021-01-01,3004.0,1378.0,2788.0,,83.0,929.0,0.0885,,,,,,,,603.0,Kota Banjar
