nama_kabupaten_kota,tahun,kab/kota,keterangan,total
KABUPATEN BOGOR,2010-01-01,Bogor,Total Anak 0-23 Bulan,
KABUPATEN SUKABUMI,2010-01-01,Sukabumi,Total Anak 0-23 Bulan,
KABUPATEN CIANJUR,2010-01-01,Cianjur,Total Anak 0-23 Bulan,
KABUPATEN BANDUNG,2010-01-01,Bandung,Total Anak 0-23 Bulan,
KABUPATEN GARUT,2010-01-01,Garut,Total Anak 0-23 Bulan,
KABUPATEN TASIKMALAYA,2010-01-01,Tasikmalaya,Total Anak 0-23 Bulan,
KABUPATEN CIAMIS,2010-01-01,Ciamis,Total Anak 0-23 Bulan,
KABUPATEN KUNINGAN,2010-01-01,Kuningan,Total Anak 0-23 Bulan,
KABUPATEN CIREBON,2010-01-01,Cirebon,Total Anak 0-23 Bulan,
KABUPATEN MAJALENGKA,2010-01-01,Majalengka,Total Anak 0-23 Bulan,
KABUPATEN SUMEDANG,2010-01-01,Sumedang,Total Anak 0-23 Bulan,
KABUPATEN INDRAMAYU,2010-01-01,Indramayu,Total Anak 0-23 Bulan,
KABUPATEN SUBANG,2010-01-01,Subang,Total Anak 0-23 Bulan,
KABUPATEN PURWAKARTA,2010-01-01,Purwakarta,Total Anak 0-23 Bulan,
KABUPATEN KARAWANG,2010-01-01,Karawang,Total Anak 0-23 Bulan,
KABUPATEN BEKASI,2010-01-01,Bekasi,Total Anak 0-23 Bulan,
KABUPATEN BANDUNG BARAT,2010-01-01,Bandung Barat,Total Anak 0-23 Bulan,
KABUPATEN PANGANDARAN,2010-01-01,Pangandaran,Total Anak 0-23 Bulan,
KOTA BOGOR,2010-01-01,Kota Bogor,Total Anak 0-23 Bulan,
KOTA SUKABUMI,2010-01-01,Kota Sukabumi,Total Anak 0-23 Bulan,
KOTA BANDUNG,2010-01-01,Kota Bandung,Total Anak 0-23 Bulan,
KOTA CIREBON,2010-01-01,Kota Cirebon,Total Anak 0-23 Bulan,
KOTA BEKASI,2010-01-01,Kota Bekasi,Total Anak 0-23 Bulan,
KOTA DEPOK,2010-01-01,Kota Depok,Total Anak 0-23 Bulan,
KOTA CIMAHI,2010-01-01,Kota Cimahi,Total Anak 0-23 Bulan,
KOTA TASIKMALAYA,2010-01-01,Kota Tasikmalaya,Total Anak 0-23 Bulan,
KOTA BANJAR,2010-01-01,Kota Banjar,Total Anak 0-23 Bulan,
KABUPATEN BOGOR,2011-01-01,Bogor,Total Anak 0-23 Bulan,
KABUPATEN SUKABUMI,2011-01-01,Sukabumi,Total Anak 0-23 Bulan,
KABUPATEN CIANJUR,2011-01-01,Cianjur,Total Anak 0-23 Bulan,
KABUPATEN BANDUNG,2011-01-01,Bandung,Total Anak 0-23 Bulan,
KABUPATEN GARUT,2011-01-01,Garut,Total Anak 0-23 Bulan,
KABUPATEN TASIKMALAYA,2011-01-01,Tasikmalaya,Total Anak 0-23 Bulan,
KABUPATEN CIAMIS,2011-01-01,Ciamis,Total Anak 0-23 Bulan,
KABUPATEN KUNINGAN,2011-01-01,Kuningan,Total Anak 0-23 Bulan,
KABUPATEN CIREBON,2011-01-01,Cirebon,Total Anak 0-23 Bulan,
KABUPATEN MAJALENGKA,2011-01-01,Majalengka,Total Anak 0-23 Bulan,
KABUPATEN SUMEDANG,2011-01-01,Sumedang,Total Anak 0-23 Bulan,
KABUPATEN INDRAMAYU,2011-01-01,Indramayu,Total Anak 0-23 Bulan,
KABUPATEN SUBANG,2011-01-01,Subang,Total Anak 0-23 Bulan,
KABUPATEN PURWAKARTA,2011-01-01,Purwakarta,Total Anak 0-23 Bulan,
KABUPATEN KARAWANG,2011-01-01,Karawang,Total Anak 0-23 Bulan,
KABUPATEN BEKASI,2011-01-01,Bekasi,Total Anak 0-23 Bulan,
KABUPATEN BANDUNG BARAT,2011-01-01,Bandung Barat,Total Anak 0-23 Bulan,
KABUPATEN PANGANDARAN,2011-01-01,Pangandaran,Total Anak 0-23 Bulan,
KOTA BOGOR,2011-01-01,Kota Bogor,Total Anak 0-23 Bulan,
KOTA SUKABUMI,2011-01-01,Kota Sukabumi,Total Anak 0-23 Bulan,
KOTA BANDUNG,2011-01-01,Kota Bandung,Total Anak 0-23 Bulan,
KOTA CIREBON,2011-01-01,Kota Cirebon,Total Anak 0-23 Bulan,
KOTA BEKASI,2011-01-01,Kota Bekasi,Total Anak 0-23 Bulan,
KOTA DEPOK,2011-01-01,Kota Depok,Total Anak 0-23 Bulan,
KOTA CIMAHI,2011-01-01,Kota Cimahi,Total Anak 0-23 Bulan,
KOTA TASIKMALAYA,2011-01-01,Kota Tasikmalaya,Total Anak 0-23 Bulan,
KOTA BANJAR,2011-01-01,Kota Banjar,Total Anak 0-23 Bulan,
KABUPATEN BOGOR,2012-01-01,Bogor,Total Anak 0-23 Bulan,
KABUPATEN SUKABUMI,2012-01-01,Sukabumi,Total Anak 0-23 Bulan,
KABUPATEN CIANJUR,2012-01-01,Cianjur,Total Anak 0-23 Bulan,
KABUPATEN BANDUNG,2012-01-01,Bandung,Total Anak 0-23 Bulan,
KABUPATEN GARUT,2012-01-01,Garut,Total Anak 0-23 Bulan,
KABUPATEN TASIKMALAYA,2012-01-01,Tasikmalaya,Total Anak 0-23 Bulan,
KABUPATEN CIAMIS,2012-01-01,Ciamis,Total Anak 0-23 Bulan,
KABUPATEN KUNINGAN,2012-01-01,Kuningan,Total Anak 0-23 Bulan,
KABUPATEN CIREBON,2012-01-01,Cirebon,Total Anak 0-23 Bulan,
KABUPATEN MAJALENGKA,2012-01-01,Majalengka,Total Anak 0-23 Bulan,
KABUPATEN SUMEDANG,2012-01-01,Sumedang,Total Anak 0-23 Bulan,
KABUPATEN INDRAMAYU,2012-01-01,Indramayu,Total Anak 0-23 Bulan,
KABUPATEN SUBANG,2012-01-01,Subang,Total Anak 0-23 Bulan,
KABUPATEN PURWAKARTA,2012-01-01,Purwakarta,Total Anak 0-23 Bulan,
KABUPATEN KARAWANG,2012-01-01,Karawang,Total Anak 0-23 Bulan,
KABUPATEN BEKASI,2012-01-01,Bekasi,Total Anak 0-23 Bulan,
KABUPATEN BANDUNG BARAT,2012-01-01,Bandung Barat,Total Anak 0-23 Bulan,
KABUPATEN PANGANDARAN,2012-01-01,Pangandaran,Total Anak 0-23 Bulan,
KOTA BOGOR,2012-01-01,Kota Bogor,Total Anak 0-23 Bulan,
KOTA SUKABUMI,2012-01-01,Kota Sukabumi,Total Anak 0-23 Bulan,
KOTA BANDUNG,2012-01-01,Kota Bandung,Total Anak 0-23 Bulan,
KOTA CIREBON,2012-01-01,Kota Cirebon,Total Anak 0-23 Bulan,
KOTA BEKASI,2012-01-01,Kota Bekasi,Total Anak 0-23 Bulan,
KOTA DEPOK,2012-01-01,Kota Depok,Total Anak 0-23 Bulan,
KOTA CIMAHI,2012-01-01,Kota Cimahi,Total Anak 0-23 Bulan,
KOTA TASIKMALAYA,2012-01-01,Kota Tasikmalaya,Total Anak 0-23 Bulan,
KOTA BANJAR,2012-01-01,Kota Banjar,Total Anak 0-23 Bulan,
KABUPATEN BOGOR,2013-01-01,Bogor,Total Anak 0-23 Bulan,
KABUPATEN SUKABUMI,2013-01-01,Sukabumi,Total Anak 0-23 Bulan,
KABUPATEN CIANJUR,2013-01-01,Cianjur,Total Anak 0-23 Bulan,
KABUPATEN BANDUNG,2013-01-01,Bandung,Total Anak 0-23 Bulan,
KABUPATEN GARUT,2013-01-01,Garut,Total Anak 0-23 Bulan,
KABUPATEN TASIKMALAYA,2013-01-01,Tasikmalaya,Total Anak 0-23 Bulan,
KABUPATEN CIAMIS,2013-01-01,Ciamis,Total Anak 0-23 Bulan,
KABUPATEN KUNINGAN,2013-01-01,Kuningan,Total Anak 0-23 Bulan,
KABUPATEN CIREBON,2013-01-01,Cirebon,Total Anak 0-23 Bulan,
KABUPATEN MAJALENGKA,2013-01-01,Majalengka,Total Anak 0-23 Bulan,
KABUPATEN SUMEDANG,2013-01-01,Sumedang,Total Anak 0-23 Bulan,
KABUPATEN INDRAMAYU,2013-01-01,Indramayu,Total Anak 0-23 Bulan,
KABUPATEN SUBANG,2013-01-01,Subang,Total Anak 0-23 Bulan,
KABUPATEN PURWAKARTA,2013-01-01,Purwakarta,Total Anak 0-23 Bulan,
KABUPATEN KARAWANG,2013-01-01,Karawang,Total Anak 0-23 Bulan,
KABUPATEN BEKASI,2013-01-01,Bekasi,Total Anak 0-23 Bulan,
KABUPATEN BANDUNG BARAT,2013-01-01,Bandung Barat,Total Anak 0-23 Bulan,
KABUPATEN PANGANDARAN,2013-01-01,Pangandaran,Total Anak 0-23 Bulan,
KOTA BOGOR,2013-01-01,Kota Bogor,Total Anak 0-23 Bulan,
KOTA SUKABUMI,2013-01-01,Kota Sukabumi,Total Anak 0-23 Bulan,
KOTA BANDUNG,2013-01-01,Kota Bandung,Total Anak 0-23 Bulan,
KOTA CIREBON,2013-01-01,Kota Cirebon,Total Anak 0-23 Bulan,
KOTA BEKASI,2013-01-01,Kota Bekasi,Total Anak 0-23 Bulan,
KOTA DEPOK,2013-01-01,Kota Depok,Total Anak 0-23 Bulan,
KOTA CIMAHI,2013-01-01,Kota Cimahi,Total Anak 0-23 Bulan,
KOTA TASIKMALAYA,2013-01-01,Kota Tasikmalaya,Total Anak 0-23 Bulan,
KOTA BANJAR,2013-01-01,Kota Banjar,Total Anak 0-23 Bulan,
KABUPATEN BOGOR,2014-01-01,Bogor,Total Anak 0-23 Bulan,
KABUPATEN SUKABUMI,2014-01-01,Sukabumi,Total Anak 0-23 Bulan,
KABUPATEN CIANJUR,2014-01-01,Cianjur,Total Anak 0-23 Bulan,
KABUPATEN BANDUNG,2014-01-01,Bandung,Total Anak 0-23 Bulan,
KABUPATEN GARUT,2014-01-01,Garut,Total Anak 0-23 Bulan,
KABUPATEN TASIKMALAYA,2014-01-01,Tasikmalaya,Total Anak 0-23 Bulan,
KABUPATEN CIAMIS,2014-01-01,Ciamis,Total Anak 0-23 Bulan,
KABUPATEN KUNINGAN,2014-01-01,Kuningan,Total Anak 0-23 Bulan,
KABUPATEN CIREBON,2014-01-01,Cirebon,Total Anak 0-23 Bulan,
KABUPATEN MAJALENGKA,2014-01-01,Majalengka,Total Anak 0-23 Bulan,
KABUPATEN SUMEDANG,2014-01-01,Sumedang,Total Anak 0-23 Bulan,
KABUPATEN INDRAMAYU,2014-01-01,Indramayu,Total Anak 0-23 Bulan,
KABUPATEN SUBANG,2014-01-01,Subang,Total Anak 0-23 Bulan,
KABUPATEN PURWAKARTA,2014-01-01,Purwakarta,Total Anak 0-23 Bulan,
KABUPATEN KARAWANG,2014-01-01,Karawang,Total Anak 0-23 Bulan,
KABUPATEN BEKASI,2014-01-01,Bekasi,Total Anak 0-23 Bulan,
KABUPATEN BANDUNG BARAT,2014-01-01,Bandung Barat,Total Anak 0-23 Bulan,
KABUPATEN PANGANDARAN,2014-01-01,Pangandaran,Total Anak 0-23 Bulan,
KOTA BOGOR,2014-01-01,Kota Bogor,Total Anak 0-23 Bulan,
KOTA SUKABUMI,2014-01-01,Kota Sukabumi,Total Anak 0-23 Bulan,
KOTA BANDUNG,2014-01-01,Kota Bandung,Total Anak 0-23 Bulan,
KOTA CIREBON,2014-01-01,Kota Cirebon,Total Anak 0-23 Bulan,
KOTA BEKASI,2014-01-01,Kota Bekasi,Total Anak 0-23 Bulan,
KOTA DEPOK,2014-01-01,Kota Depok,Total Anak 0-23 Bulan,
KOTA CIMAHI,2014-01-01,Kota Cimahi,Total Anak 0-23 Bulan,
KOTA TASIKMALAYA,2014-01-01,Kota Tasikmalaya,Total Anak 0-23 Bulan,
KOTA BANJAR,2014-01-01,Kota Banjar,Total Anak 0-23 Bulan,
KABUPATEN BOGOR,2015-01-01,Bogor,Total Anak 0-23 Bulan,
KABUPATEN SUKABUMI,2015-01-01,Sukabumi,Total Anak 0-23 Bulan,
KABUPATEN CIANJUR,2015-01-01,Cianjur,Total Anak 0-23 Bulan,
KABUPATEN BANDUNG,2015-01-01,Bandung,Total Anak 0-23 Bulan,
KABUPATEN GARUT,2015-01-01,Garut,Total Anak 0-23 Bulan,
KABUPATEN TASIKMALAYA,2015-01-01,Tasikmalaya,Total Anak 0-23 Bulan,
KABUPATEN CIAMIS,2015-01-01,Ciamis,Total Anak 0-23 Bulan,
KABUPATEN KUNINGAN,2015-01-01,Kuningan,Total Anak 0-23 Bulan,
KABUPATEN CIREBON,2015-01-01,Cirebon,Total Anak 0-23 Bulan,
KABUPATEN MAJALENGKA,2015-01-01,Majalengka,Total Anak 0-23 Bulan,
KABUPATEN SUMEDANG,2015-01-01,Sumedang,Total Anak 0-23 Bulan,
KABUPATEN INDRAMAYU,2015-01-01,Indramayu,Total Anak 0-23 Bulan,
KABUPATEN SUBANG,2015-01-01,Subang,Total Anak 0-23 Bulan,
KABUPATEN PURWAKARTA,2015-01-01,Purwakarta,Total Anak 0-23 Bulan,
KABUPATEN KARAWANG,2015-01-01,Karawang,Total Anak 0-23 Bulan,
KABUPATEN BEKASI,2015-01-01,Bekasi,Total Anak 0-23 Bulan,
KABUPATEN BANDUNG BARAT,2015-01-01,Bandung Barat,Total Anak 0-23 Bulan,
KABUPATEN PANGANDARAN,2015-01-01,Pangandaran,Total Anak 0-23 Bulan,
KOTA BOGOR,2015-01-01,Kota Bogor,Total Anak 0-23 Bulan,
KOTA SUKABUMI,2015-01-01,Kota Sukabumi,Total Anak 0-23 Bulan,
KOTA BANDUNG,2015-01-01,Kota Bandung,Total Anak 0-23 Bulan,
KOTA CIREBON,2015-01-01,Kota Cirebon,Total Anak 0-23 Bulan,
KOTA BEKASI,2015-01-01,Kota Bekasi,Total Anak 0-23 Bulan,
KOTA DEPOK,2015-01-01,Kota Depok,Total Anak 0-23 Bulan,
KOTA CIMAHI,2015-01-01,Kota Cimahi,Total Anak 0-23 Bulan,
KOTA TASIKMALAYA,2015-01-01,Kota Tasikmalaya,Total Anak 0-23 Bulan,
KOTA BANJAR,2015-01-01,Kota Banjar,Total Anak 0-23 Bulan,
KABUPATEN BOGOR,2016-01-01,Bogor,Total Anak 0-23 Bulan,
KABUPATEN SUKABUMI,2016-01-01,Sukabumi,Total Anak 0-23 Bulan,
KABUPATEN CIANJUR,2016-01-01,Cianjur,Total Anak 0-23 Bulan,
KABUPATEN BANDUNG,2016-01-01,Bandung,Total Anak 0-23 Bulan,
KABUPATEN GARUT,2016-01-01,Garut,Total Anak 0-23 Bulan,
KABUPATEN TASIKMALAYA,2016-01-01,Tasikmalaya,Total Anak 0-23 Bulan,
KABUPATEN CIAMIS,2016-01-01,Ciamis,Total Anak 0-23 Bulan,
KABUPATEN KUNINGAN,2016-01-01,Kuningan,Total Anak 0-23 Bulan,
KABUPATEN CIREBON,2016-01-01,Cirebon,Total Anak 0-23 Bulan,
KABUPATEN MAJALENGKA,2016-01-01,Majalengka,Total Anak 0-23 Bulan,
KABUPATEN SUMEDANG,2016-01-01,Sumedang,Total Anak 0-23 Bulan,
KABUPATEN INDRAMAYU,2016-01-01,Indramayu,Total Anak 0-23 Bulan,
KABUPATEN SUBANG,2016-01-01,Subang,Total Anak 0-23 Bulan,
KABUPATEN PURWAKARTA,2016-01-01,Purwakarta,Total Anak 0-23 Bulan,
KABUPATEN KARAWANG,2016-01-01,Karawang,Total Anak 0-23 Bulan,
KABUPATEN BEKASI,2016-01-01,Bekasi,Total Anak 0-23 Bulan,
KABUPATEN BANDUNG BARAT,2016-01-01,Bandung Barat,Total Anak 0-23 Bulan,
KABUPATEN PANGANDARAN,2016-01-01,Pangandaran,Total Anak 0-23 Bulan,
KOTA BOGOR,2016-01-01,Kota Bogor,Total Anak 0-23 Bulan,
KOTA SUKABUMI,2016-01-01,Kota Sukabumi,Total Anak 0-23 Bulan,
KOTA BANDUNG,2016-01-01,Kota Bandung,Total Anak 0-23 Bulan,
KOTA CIREBON,2016-01-01,Kota Cirebon,Total Anak 0-23 Bulan,
KOTA BEKASI,2016-01-01,Kota Bekasi,Total Anak 0-23 Bulan,
KOTA DEPOK,2016-01-01,Kota Depok,Total Anak 0-23 Bulan,
KOTA CIMAHI,2016-01-01,Kota Cimahi,Total Anak 0-23 Bulan,
KOTA TASIKMALAYA,2016-01-01,Kota Tasikmalaya,Total Anak 0-23 Bulan,
KOTA BANJAR,2016-01-01,Kota Banjar,Total Anak 0-23 Bulan,
KABUPATEN BOGOR,2017-01-01,Bogor,Total Anak 0-23 Bulan,
KABUPATEN SUKABUMI,2017-01-01,Sukabumi,Total Anak 0-23 Bulan,
KABUPATEN CIANJUR,2017-01-01,Cianjur,Total Anak 0-23 Bulan,
KABUPATEN BANDUNG,2017-01-01,Bandung,Total Anak 0-23 Bulan,
KABUPATEN GARUT,2017-01-01,Garut,Total Anak 0-23 Bulan,
KABUPATEN TASIKMALAYA,2017-01-01,Tasikmalaya,Total Anak 0-23 Bulan,
KABUPATEN CIAMIS,2017-01-01,Ciamis,Total Anak 0-23 Bulan,
KABUPATEN KUNINGAN,2017-01-01,Kuningan,Total Anak 0-23 Bulan,
KABUPATEN CIREBON,2017-01-01,Cirebon,Total Anak 0-23 Bulan,
KABUPATEN MAJALENGKA,2017-01-01,Majalengka,Total Anak 0-23 Bulan,
KABUPATEN SUMEDANG,2017-01-01,Sumedang,Total Anak 0-23 Bulan,
KABUPATEN INDRAMAYU,2017-01-01,Indramayu,Total Anak 0-23 Bulan,
KABUPATEN SUBANG,2017-01-01,Subang,Total Anak 0-23 Bulan,
KABUPATEN PURWAKARTA,2017-01-01,Purwakarta,Total Anak 0-23 Bulan,
KABUPATEN KARAWANG,2017-01-01,Karawang,Total Anak 0-23 Bulan,
KABUPATEN BEKASI,2017-01-01,Bekasi,Total Anak 0-23 Bulan,
KABUPATEN BANDUNG BARAT,2017-01-01,Bandung Barat,Total Anak 0-23 Bulan,
KABUPATEN PANGANDARAN,2017-01-01,Pangandaran,Total Anak 0-23 Bulan,
KOTA BOGOR,2017-01-01,Kota Bogor,Total Anak 0-23 Bulan,
KOTA SUKABUMI,2017-01-01,Kota Sukabumi,Total Anak 0-23 Bulan,
KOTA BANDUNG,2017-01-01,Kota Bandung,Total Anak 0-23 Bulan,
KOTA CIREBON,2017-01-01,Kota Cirebon,Total Anak 0-23 Bulan,
KOTA BEKASI,2017-01-01,Kota Bekasi,Total Anak 0-23 Bulan,
KOTA DEPOK,2017-01-01,Kota Depok,Total Anak 0-23 Bulan,
KOTA CIMAHI,2017-01-01,Kota Cimahi,Total Anak 0-23 Bulan,
KOTA TASIKMALAYA,2017-01-01,Kota Tasikmalaya,Total Anak 0-23 Bulan,
KOTA BANJAR,2017-01-01,Kota Banjar,Total Anak 0-23 Bulan,
KABUPATEN BOGOR,2018-01-01,Bogor,Total Anak 0-23 Bulan,
KABUPATEN SUKABUMI,2018-01-01,Sukabumi,Total Anak 0-23 Bulan,
KABUPATEN CIANJUR,2018-01-01,Cianjur,Total Anak 0-23 Bulan,
KABUPATEN BANDUNG,2018-01-01,Bandung,Total Anak 0-23 Bulan,
KABUPATEN GARUT,2018-01-01,Garut,Total Anak 0-23 Bulan,
KABUPATEN TASIKMALAYA,2018-01-01,Tasikmalaya,Total Anak 0-23 Bulan,
KABUPATEN CIAMIS,2018-01-01,Ciamis,Total Anak 0-23 Bulan,
KABUPATEN KUNINGAN,2018-01-01,Kuningan,Total Anak 0-23 Bulan,
KABUPATEN CIREBON,2018-01-01,Cirebon,Total Anak 0-23 Bulan,
KABUPATEN MAJALENGKA,2018-01-01,Majalengka,Total Anak 0-23 Bulan,
KABUPATEN SUMEDANG,2018-01-01,Sumedang,Total Anak 0-23 Bulan,
KABUPATEN INDRAMAYU,2018-01-01,Indramayu,Total Anak 0-23 Bulan,
KABUPATEN SUBANG,2018-01-01,Subang,Total Anak 0-23 Bulan,
KABUPATEN PURWAKARTA,2018-01-01,Purwakarta,Total Anak 0-23 Bulan,
KABUPATEN KARAWANG,2018-01-01,Karawang,Total Anak 0-23 Bulan,
KABUPATEN BEKASI,2018-01-01,Bekasi,Total Anak 0-23 Bulan,
KABUPATEN BANDUNG BARAT,2018-01-01,Bandung Barat,Total Anak 0-23 Bulan,
KABUPATEN PANGANDARAN,2018-01-01,Pangandaran,Total Anak 0-23 Bulan,
KOTA BOGOR,2018-01-01,Kota Bogor,Total Anak 0-23 Bulan,
KOTA SUKABUMI,2018-01-01,Kota Sukabumi,Total Anak 0-23 Bulan,
KOTA BANDUNG,2018-01-01,Kota Bandung,Total Anak 0-23 Bulan,
KOTA CIREBON,2018-01-01,Kota Cirebon,Total Anak 0-23 Bulan,
KOTA BEKASI,2018-01-01,Kota Bekasi,Total Anak 0-23 Bulan,
KOTA DEPOK,2018-01-01,Kota Depok,Total Anak 0-23 Bulan,
KOTA CIMAHI,2018-01-01,Kota Cimahi,Total Anak 0-23 Bulan,
KOTA TASIKMALAYA,2018-01-01,Kota Tasikmalaya,Total Anak 0-23 Bulan,
KOTA BANJAR,2018-01-01,Kota Banjar,Total Anak 0-23 Bulan,
KABUPATEN BOGOR,2019-01-01,Bogor,Total Anak 0-23 Bulan,77873.0
KABUPATEN SUKABUMI,2019-01-01,Sukabumi,Total Anak 0-23 Bulan,78924.0
KABUPATEN CIANJUR,2019-01-01,Cianjur,Total Anak 0-23 Bulan,36879.0
KABUPATEN BANDUNG,2019-01-01,Bandung,Total Anak 0-23 Bulan,57660.0
KABUPATEN GARUT,2019-01-01,Garut,Total Anak 0-23 Bulan,83767.0
KABUPATEN TASIKMALAYA,2019-01-01,Tasikmalaya,Total Anak 0-23 Bulan,32285.0
KABUPATEN CIAMIS,2019-01-01,Ciamis,Total Anak 0-23 Bulan,20366.0
KABUPATEN KUNINGAN,2019-01-01,Kuningan,Total Anak 0-23 Bulan,40173.0
KABUPATEN CIREBON,2019-01-01,Cirebon,Total Anak 0-23 Bulan,56729.0
KABUPATEN MAJALENGKA,2019-01-01,Majalengka,Total Anak 0-23 Bulan,27898.0
KABUPATEN SUMEDANG,2019-01-01,Sumedang,Total Anak 0-23 Bulan,16407.0
KABUPATEN INDRAMAYU,2019-01-01,Indramayu,Total Anak 0-23 Bulan,26848.0
KABUPATEN SUBANG,2019-01-01,Subang,Total Anak 0-23 Bulan,262919.0
KABUPATEN PURWAKARTA,2019-01-01,Purwakarta,Total Anak 0-23 Bulan,15610.0
KABUPATEN KARAWANG,2019-01-01,Karawang,Total Anak 0-23 Bulan,26163.0
KABUPATEN BEKASI,2019-01-01,Bekasi,Total Anak 0-23 Bulan,22016.0
KABUPATEN BANDUNG BARAT,2019-01-01,Bandung Barat,Total Anak 0-23 Bulan,46299.0
KABUPATEN PANGANDARAN,2019-01-01,Pangandaran,Total Anak 0-23 Bulan,5022.0
KOTA BOGOR,2019-01-01,Kota Bogor,Total Anak 0-23 Bulan,
KOTA SUKABUMI,2019-01-01,Kota Sukabumi,Total Anak 0-23 Bulan,
KOTA BANDUNG,2019-01-01,Kota Bandung,Total Anak 0-23 Bulan,
KOTA CIREBON,2019-01-01,Kota Cirebon,Total Anak 0-23 Bulan,
KOTA BEKASI,2019-01-01,Kota Bekasi,Total Anak 0-23 Bulan,
KOTA DEPOK,2019-01-01,Kota Depok,Total Anak 0-23 Bulan,
KOTA CIMAHI,2019-01-01,Kota Cimahi,Total Anak 0-23 Bulan,
KOTA TASIKMALAYA,2019-01-01,Kota Tasikmalaya,Total Anak 0-23 Bulan,
KOTA BANJAR,2019-01-01,Kota Banjar,Total Anak 0-23 Bulan,1380.0
KABUPATEN BOGOR,2020-01-01,Bogor,Total Anak 0-23 Bulan,108082.0
KABUPATEN SUKABUMI,2020-01-01,Sukabumi,Total Anak 0-23 Bulan,83988.0
KABUPATEN CIANJUR,2020-01-01,Cianjur,Total Anak 0-23 Bulan,56044.0
KABUPATEN BANDUNG,2020-01-01,Bandung,Total Anak 0-23 Bulan,75067.0
KABUPATEN GARUT,2020-01-01,Garut,Total Anak 0-23 Bulan,91067.0
KABUPATEN TASIKMALAYA,2020-01-01,Tasikmalaya,Total Anak 0-23 Bulan,38378.0
KABUPATEN CIAMIS,2020-01-01,Ciamis,Total Anak 0-23 Bulan,24710.0
KABUPATEN KUNINGAN,2020-01-01,Kuningan,Total Anak 0-23 Bulan,30077.0
KABUPATEN CIREBON,2020-01-01,Cirebon,Total Anak 0-23 Bulan,62610.0
KABUPATEN MAJALENGKA,2020-01-01,Majalengka,Total Anak 0-23 Bulan,31575.0
KABUPATEN SUMEDANG,2020-01-01,Sumedang,Total Anak 0-23 Bulan,21211.0
KABUPATEN INDRAMAYU,2020-01-01,Indramayu,Total Anak 0-23 Bulan,32354.0
KABUPATEN SUBANG,2020-01-01,Subang,Total Anak 0-23 Bulan,46601.0
KABUPATEN PURWAKARTA,2020-01-01,Purwakarta,Total Anak 0-23 Bulan,21805.0
KABUPATEN KARAWANG,2020-01-01,Karawang,Total Anak 0-23 Bulan,40661.0
KABUPATEN BEKASI,2020-01-01,Bekasi,Total Anak 0-23 Bulan,40549.0
KABUPATEN BANDUNG BARAT,2020-01-01,Bandung Barat,Total Anak 0-23 Bulan,40989.0
KABUPATEN PANGANDARAN,2020-01-01,Pangandaran,Total Anak 0-23 Bulan,7346.0
KOTA BOGOR,2020-01-01,Kota Bogor,Total Anak 0-23 Bulan,
KOTA SUKABUMI,2020-01-01,Kota Sukabumi,Total Anak 0-23 Bulan,
KOTA BANDUNG,2020-01-01,Kota Bandung,Total Anak 0-23 Bulan,
KOTA CIREBON,2020-01-01,Kota Cirebon,Total Anak 0-23 Bulan,
KOTA BEKASI,2020-01-01,Kota Bekasi,Total Anak 0-23 Bulan,
KOTA DEPOK,2020-01-01,Kota Depok,Total Anak 0-23 Bulan,
KOTA CIMAHI,2020-01-01,Kota Cimahi,Total Anak 0-23 Bulan,
KOTA TASIKMALAYA,2020-01-01,Kota Tasikmalaya,Total Anak 0-23 Bulan,
KOTA BANJAR,2020-01-01,Kota Banjar,Total Anak 0-23 Bulan,2755.0
KABUPATEN BOGOR,2021-01-01,Bogor,Total Anak 0-23 Bulan,128793.0
KABUPATEN SUKABUMI,2021-01-01,Sukabumi,Total Anak 0-23 Bulan,71774.0
KABUPATEN CIANJUR,2021-01-01,Cianjur,Total Anak 0-23 Bulan,63885.0
KABUPATEN BANDUNG,2021-01-01,Bandung,Total Anak 0-23 Bulan,93968.0
KABUPATEN GARUT,2021-01-01,Garut,Total Anak 0-23 Bulan,70474.0
KABUPATEN TASIKMALAYA,2021-01-01,Tasikmalaya,Total Anak 0-23 Bulan,44877.0
KABUPATEN CIAMIS,2021-01-01,Ciamis,Total Anak 0-23 Bulan,26422.0
KABUPATEN KUNINGAN,2021-01-01,Kuningan,Total Anak 0-23 Bulan,29992.0
KABUPATEN CIREBON,2021-01-01,Cirebon,Total Anak 0-23 Bulan,72750.0
KABUPATEN MAJALENGKA,2021-01-01,Majalengka,Total Anak 0-23 Bulan,33622.0
KABUPATEN SUMEDANG,2021-01-01,Sumedang,Total Anak 0-23 Bulan,24823.0
KABUPATEN INDRAMAYU,2021-01-01,Indramayu,Total Anak 0-23 Bulan,37977.0
KABUPATEN SUBANG,2021-01-01,Subang,Total Anak 0-23 Bulan,49342.0
KABUPATEN PURWAKARTA,2021-01-01,Purwakarta,Total Anak 0-23 Bulan,23457.0
KABUPATEN KARAWANG,2021-01-01,Karawang,Total Anak 0-23 Bulan,42705.0
KABUPATEN BEKASI,2021-01-01,Bekasi,Total Anak 0-23 Bulan,45803.0
KABUPATEN BANDUNG BARAT,2021-01-01,Bandung Barat,Total Anak 0-23 Bulan,50043.0
KABUPATEN PANGANDARAN,2021-01-01,Pangandaran,Total Anak 0-23 Bulan,9020.0
KOTA BOGOR,2021-01-01,Kota Bogor,Total Anak 0-23 Bulan,
KOTA SUKABUMI,2021-01-01,Kota Sukabumi,Total Anak 0-23 Bulan,
KOTA BANDUNG,2021-01-01,Kota Bandung,Total Anak 0-23 Bulan,
KOTA CIREBON,2021-01-01,Kota Cirebon,Total Anak 0-23 Bulan,
KOTA BEKASI,2021-01-01,Kota Bekasi,Total Anak 0-23 Bulan,
KOTA DEPOK,2021-01-01,Kota Depok,Total Anak 0-23 Bulan,
KOTA CIMAHI,2021-01-01,Kota Cimahi,Total Anak 0-23 Bulan,
KOTA TASIKMALAYA,2021-01-01,Kota Tasikmalaya,Total Anak 0-23 Bulan,
KOTA BANJAR ,2019-01-01,Kota Banjar,Total Anak 0-23 Bulan,
KOTA BANJAR ,2020-01-01,Kota Banjar,Total Anak 0-23 Bulan,
KOTA BANJAR,2021-01-01,Kota Banjar,Total Anak 0-23 Bulan,3004.0
KABUPATEN BOGOR,2010-01-01,Bogor,Pertumbuhan Hijau,
KABUPATEN SUKABUMI,2010-01-01,Sukabumi,Pertumbuhan Hijau,
KABUPATEN CIANJUR,2010-01-01,Cianjur,Pertumbuhan Hijau,
KABUPATEN BANDUNG,2010-01-01,Bandung,Pertumbuhan Hijau,
KABUPATEN GARUT,2010-01-01,Garut,Pertumbuhan Hijau,
KABUPATEN TASIKMALAYA,2010-01-01,Tasikmalaya,Pertumbuhan Hijau,
KABUPATEN CIAMIS,2010-01-01,Ciamis,Pertumbuhan Hijau,
KABUPATEN KUNINGAN,2010-01-01,Kuningan,Pertumbuhan Hijau,
KABUPATEN CIREBON,2010-01-01,Cirebon,Pertumbuhan Hijau,
KABUPATEN MAJALENGKA,2010-01-01,Majalengka,Pertumbuhan Hijau,
KABUPATEN SUMEDANG,2010-01-01,Sumedang,Pertumbuhan Hijau,
KABUPATEN INDRAMAYU,2010-01-01,Indramayu,Pertumbuhan Hijau,
KABUPATEN SUBANG,2010-01-01,Subang,Pertumbuhan Hijau,
KABUPATEN PURWAKARTA,2010-01-01,Purwakarta,Pertumbuhan Hijau,
KABUPATEN KARAWANG,2010-01-01,Karawang,Pertumbuhan Hijau,
KABUPATEN BEKASI,2010-01-01,Bekasi,Pertumbuhan Hijau,
KABUPATEN BANDUNG BARAT,2010-01-01,Bandung Barat,Pertumbuhan Hijau,
KABUPATEN PANGANDARAN,2010-01-01,Pangandaran,Pertumbuhan Hijau,
KOTA BOGOR,2010-01-01,Kota Bogor,Pertumbuhan Hijau,
KOTA SUKABUMI,2010-01-01,Kota Sukabumi,Pertumbuhan Hijau,
KOTA BANDUNG,2010-01-01,Kota Bandung,Pertumbuhan Hijau,
KOTA CIREBON,2010-01-01,Kota Cirebon,Pertumbuhan Hijau,
KOTA BEKASI,2010-01-01,Kota Bekasi,Pertumbuhan Hijau,
KOTA DEPOK,2010-01-01,Kota Depok,Pertumbuhan Hijau,
KOTA CIMAHI,2010-01-01,Kota Cimahi,Pertumbuhan Hijau,
KOTA TASIKMALAYA,2010-01-01,Kota Tasikmalaya,Pertumbuhan Hijau,
KOTA BANJAR,2010-01-01,Kota Banjar,Pertumbuhan Hijau,
KABUPATEN BOGOR,2011-01-01,Bogor,Pertumbuhan Hijau,
KABUPATEN SUKABUMI,2011-01-01,Sukabumi,Pertumbuhan Hijau,
KABUPATEN CIANJUR,2011-01-01,Cianjur,Pertumbuhan Hijau,
KABUPATEN BANDUNG,2011-01-01,Bandung,Pertumbuhan Hijau,
KABUPATEN GARUT,2011-01-01,Garut,Pertumbuhan Hijau,
KABUPATEN TASIKMALAYA,2011-01-01,Tasikmalaya,Pertumbuhan Hijau,
KABUPATEN CIAMIS,2011-01-01,Ciamis,Pertumbuhan Hijau,
KABUPATEN KUNINGAN,2011-01-01,Kuningan,Pertumbuhan Hijau,
KABUPATEN CIREBON,2011-01-01,Cirebon,Pertumbuhan Hijau,
KABUPATEN MAJALENGKA,2011-01-01,Majalengka,Pertumbuhan Hijau,
KABUPATEN SUMEDANG,2011-01-01,Sumedang,Pertumbuhan Hijau,
KABUPATEN INDRAMAYU,2011-01-01,Indramayu,Pertumbuhan Hijau,
KABUPATEN SUBANG,2011-01-01,Subang,Pertumbuhan Hijau,
KABUPATEN PURWAKARTA,2011-01-01,Purwakarta,Pertumbuhan Hijau,
KABUPATEN KARAWANG,2011-01-01,Karawang,Pertumbuhan Hijau,
KABUPATEN BEKASI,2011-01-01,Bekasi,Pertumbuhan Hijau,
KABUPATEN BANDUNG BARAT,2011-01-01,Bandung Barat,Pertumbuhan Hijau,
KABUPATEN PANGANDARAN,2011-01-01,Pangandaran,Pertumbuhan Hijau,
KOTA BOGOR,2011-01-01,Kota Bogor,Pertumbuhan Hijau,
KOTA SUKABUMI,2011-01-01,Kota Sukabumi,Pertumbuhan Hijau,
KOTA BANDUNG,2011-01-01,Kota Bandung,Pertumbuhan Hijau,
KOTA CIREBON,2011-01-01,Kota Cirebon,Pertumbuhan Hijau,
KOTA BEKASI,2011-01-01,Kota Bekasi,Pertumbuhan Hijau,
KOTA DEPOK,2011-01-01,Kota Depok,Pertumbuhan Hijau,
KOTA CIMAHI,2011-01-01,Kota Cimahi,Pertumbuhan Hijau,
KOTA TASIKMALAYA,2011-01-01,Kota Tasikmalaya,Pertumbuhan Hijau,
KOTA BANJAR,2011-01-01,Kota Banjar,Pertumbuhan Hijau,
KABUPATEN BOGOR,2012-01-01,Bogor,Pertumbuhan Hijau,
KABUPATEN SUKABUMI,2012-01-01,Sukabumi,Pertumbuhan Hijau,
KABUPATEN CIANJUR,2012-01-01,Cianjur,Pertumbuhan Hijau,
KABUPATEN BANDUNG,2012-01-01,Bandung,Pertumbuhan Hijau,
KABUPATEN GARUT,2012-01-01,Garut,Pertumbuhan Hijau,
KABUPATEN TASIKMALAYA,2012-01-01,Tasikmalaya,Pertumbuhan Hijau,
KABUPATEN CIAMIS,2012-01-01,Ciamis,Pertumbuhan Hijau,
KABUPATEN KUNINGAN,2012-01-01,Kuningan,Pertumbuhan Hijau,
KABUPATEN CIREBON,2012-01-01,Cirebon,Pertumbuhan Hijau,
KABUPATEN MAJALENGKA,2012-01-01,Majalengka,Pertumbuhan Hijau,
KABUPATEN SUMEDANG,2012-01-01,Sumedang,Pertumbuhan Hijau,
KABUPATEN INDRAMAYU,2012-01-01,Indramayu,Pertumbuhan Hijau,
KABUPATEN SUBANG,2012-01-01,Subang,Pertumbuhan Hijau,
KABUPATEN PURWAKARTA,2012-01-01,Purwakarta,Pertumbuhan Hijau,
KABUPATEN KARAWANG,2012-01-01,Karawang,Pertumbuhan Hijau,
KABUPATEN BEKASI,2012-01-01,Bekasi,Pertumbuhan Hijau,
KABUPATEN BANDUNG BARAT,2012-01-01,Bandung Barat,Pertumbuhan Hijau,
KABUPATEN PANGANDARAN,2012-01-01,Pangandaran,Pertumbuhan Hijau,
KOTA BOGOR,2012-01-01,Kota Bogor,Pertumbuhan Hijau,
KOTA SUKABUMI,2012-01-01,Kota Sukabumi,Pertumbuhan Hijau,
KOTA BANDUNG,2012-01-01,Kota Bandung,Pertumbuhan Hijau,
KOTA CIREBON,2012-01-01,Kota Cirebon,Pertumbuhan Hijau,
KOTA BEKASI,2012-01-01,Kota Bekasi,Pertumbuhan Hijau,
KOTA DEPOK,2012-01-01,Kota Depok,Pertumbuhan Hijau,
KOTA CIMAHI,2012-01-01,Kota Cimahi,Pertumbuhan Hijau,
KOTA TASIKMALAYA,2012-01-01,Kota Tasikmalaya,Pertumbuhan Hijau,
KOTA BANJAR,2012-01-01,Kota Banjar,Pertumbuhan Hijau,
KABUPATEN BOGOR,2013-01-01,Bogor,Pertumbuhan Hijau,
KABUPATEN SUKABUMI,2013-01-01,Sukabumi,Pertumbuhan Hijau,
KABUPATEN CIANJUR,2013-01-01,Cianjur,Pertumbuhan Hijau,
KABUPATEN BANDUNG,2013-01-01,Bandung,Pertumbuhan Hijau,
KABUPATEN GARUT,2013-01-01,Garut,Pertumbuhan Hijau,
KABUPATEN TASIKMALAYA,2013-01-01,Tasikmalaya,Pertumbuhan Hijau,
KABUPATEN CIAMIS,2013-01-01,Ciamis,Pertumbuhan Hijau,
KABUPATEN KUNINGAN,2013-01-01,Kuningan,Pertumbuhan Hijau,
KABUPATEN CIREBON,2013-01-01,Cirebon,Pertumbuhan Hijau,
KABUPATEN MAJALENGKA,2013-01-01,Majalengka,Pertumbuhan Hijau,
KABUPATEN SUMEDANG,2013-01-01,Sumedang,Pertumbuhan Hijau,
KABUPATEN INDRAMAYU,2013-01-01,Indramayu,Pertumbuhan Hijau,
KABUPATEN SUBANG,2013-01-01,Subang,Pertumbuhan Hijau,
KABUPATEN PURWAKARTA,2013-01-01,Purwakarta,Pertumbuhan Hijau,
KABUPATEN KARAWANG,2013-01-01,Karawang,Pertumbuhan Hijau,
KABUPATEN BEKASI,2013-01-01,Bekasi,Pertumbuhan Hijau,
KABUPATEN BANDUNG BARAT,2013-01-01,Bandung Barat,Pertumbuhan Hijau,
KABUPATEN PANGANDARAN,2013-01-01,Pangandaran,Pertumbuhan Hijau,
KOTA BOGOR,2013-01-01,Kota Bogor,Pertumbuhan Hijau,
KOTA SUKABUMI,2013-01-01,Kota Sukabumi,Pertumbuhan Hijau,
KOTA BANDUNG,2013-01-01,Kota Bandung,Pertumbuhan Hijau,
KOTA CIREBON,2013-01-01,Kota Cirebon,Pertumbuhan Hijau,
KOTA BEKASI,2013-01-01,Kota Bekasi,Pertumbuhan Hijau,
KOTA DEPOK,2013-01-01,Kota Depok,Pertumbuhan Hijau,
KOTA CIMAHI,2013-01-01,Kota Cimahi,Pertumbuhan Hijau,
KOTA TASIKMALAYA,2013-01-01,Kota Tasikmalaya,Pertumbuhan Hijau,
KOTA BANJAR,2013-01-01,Kota Banjar,Pertumbuhan Hijau,
KABUPATEN BOGOR,2014-01-01,Bogor,Pertumbuhan Hijau,
KABUPATEN SUKABUMI,2014-01-01,Sukabumi,Pertumbuhan Hijau,
KABUPATEN CIANJUR,2014-01-01,Cianjur,Pertumbuhan Hijau,
KABUPATEN BANDUNG,2014-01-01,Bandung,Pertumbuhan Hijau,
KABUPATEN GARUT,2014-01-01,Garut,Pertumbuhan Hijau,
KABUPATEN TASIKMALAYA,2014-01-01,Tasikmalaya,Pertumbuhan Hijau,
KABUPATEN CIAMIS,2014-01-01,Ciamis,Pertumbuhan Hijau,
KABUPATEN KUNINGAN,2014-01-01,Kuningan,Pertumbuhan Hijau,
KABUPATEN CIREBON,2014-01-01,Cirebon,Pertumbuhan Hijau,
KABUPATEN MAJALENGKA,2014-01-01,Majalengka,Pertumbuhan Hijau,
KABUPATEN SUMEDANG,2014-01-01,Sumedang,Pertumbuhan Hijau,
KABUPATEN INDRAMAYU,2014-01-01,Indramayu,Pertumbuhan Hijau,
KABUPATEN SUBANG,2014-01-01,Subang,Pertumbuhan Hijau,
KABUPATEN PURWAKARTA,2014-01-01,Purwakarta,Pertumbuhan Hijau,
KABUPATEN KARAWANG,2014-01-01,Karawang,Pertumbuhan Hijau,
KABUPATEN BEKASI,2014-01-01,Bekasi,Pertumbuhan Hijau,
KABUPATEN BANDUNG BARAT,2014-01-01,Bandung Barat,Pertumbuhan Hijau,
KABUPATEN PANGANDARAN,2014-01-01,Pangandaran,Pertumbuhan Hijau,
KOTA BOGOR,2014-01-01,Kota Bogor,Pertumbuhan Hijau,
KOTA SUKABUMI,2014-01-01,Kota Sukabumi,Pertumbuhan Hijau,
KOTA BANDUNG,2014-01-01,Kota Bandung,Pertumbuhan Hijau,
KOTA CIREBON,2014-01-01,Kota Cirebon,Pertumbuhan Hijau,
KOTA BEKASI,2014-01-01,Kota Bekasi,Pertumbuhan Hijau,
KOTA DEPOK,2014-01-01,Kota Depok,Pertumbuhan Hijau,
KOTA CIMAHI,2014-01-01,Kota Cimahi,Pertumbuhan Hijau,
KOTA TASIKMALAYA,2014-01-01,Kota Tasikmalaya,Pertumbuhan Hijau,
KOTA BANJAR,2014-01-01,Kota Banjar,Pertumbuhan Hijau,
KABUPATEN BOGOR,2015-01-01,Bogor,Pertumbuhan Hijau,
KABUPATEN SUKABUMI,2015-01-01,Sukabumi,Pertumbuhan Hijau,
KABUPATEN CIANJUR,2015-01-01,Cianjur,Pertumbuhan Hijau,
KABUPATEN BANDUNG,2015-01-01,Bandung,Pertumbuhan Hijau,
KABUPATEN GARUT,2015-01-01,Garut,Pertumbuhan Hijau,
KABUPATEN TASIKMALAYA,2015-01-01,Tasikmalaya,Pertumbuhan Hijau,
KABUPATEN CIAMIS,2015-01-01,Ciamis,Pertumbuhan Hijau,
KABUPATEN KUNINGAN,2015-01-01,Kuningan,Pertumbuhan Hijau,
KABUPATEN CIREBON,2015-01-01,Cirebon,Pertumbuhan Hijau,
KABUPATEN MAJALENGKA,2015-01-01,Majalengka,Pertumbuhan Hijau,
KABUPATEN SUMEDANG,2015-01-01,Sumedang,Pertumbuhan Hijau,
KABUPATEN INDRAMAYU,2015-01-01,Indramayu,Pertumbuhan Hijau,
KABUPATEN SUBANG,2015-01-01,Subang,Pertumbuhan Hijau,
KABUPATEN PURWAKARTA,2015-01-01,Purwakarta,Pertumbuhan Hijau,
KABUPATEN KARAWANG,2015-01-01,Karawang,Pertumbuhan Hijau,
KABUPATEN BEKASI,2015-01-01,Bekasi,Pertumbuhan Hijau,
KABUPATEN BANDUNG BARAT,2015-01-01,Bandung Barat,Pertumbuhan Hijau,
KABUPATEN PANGANDARAN,2015-01-01,Pangandaran,Pertumbuhan Hijau,
KOTA BOGOR,2015-01-01,Kota Bogor,Pertumbuhan Hijau,
KOTA SUKABUMI,2015-01-01,Kota Sukabumi,Pertumbuhan Hijau,
KOTA BANDUNG,2015-01-01,Kota Bandung,Pertumbuhan Hijau,
KOTA CIREBON,2015-01-01,Kota Cirebon,Pertumbuhan Hijau,
KOTA BEKASI,2015-01-01,Kota Bekasi,Pertumbuhan Hijau,
KOTA DEPOK,2015-01-01,Kota Depok,Pertumbuhan Hijau,
KOTA CIMAHI,2015-01-01,Kota Cimahi,Pertumbuhan Hijau,
KOTA TASIKMALAYA,2015-01-01,Kota Tasikmalaya,Pertumbuhan Hijau,
KOTA BANJAR,2015-01-01,Kota Banjar,Pertumbuhan Hijau,
KABUPATEN BOGOR,2016-01-01,Bogor,Pertumbuhan Hijau,
KABUPATEN SUKABUMI,2016-01-01,Sukabumi,Pertumbuhan Hijau,
KABUPATEN CIANJUR,2016-01-01,Cianjur,Pertumbuhan Hijau,
KABUPATEN BANDUNG,2016-01-01,Bandung,Pertumbuhan Hijau,
KABUPATEN GARUT,2016-01-01,Garut,Pertumbuhan Hijau,
KABUPATEN TASIKMALAYA,2016-01-01,Tasikmalaya,Pertumbuhan Hijau,
KABUPATEN CIAMIS,2016-01-01,Ciamis,Pertumbuhan Hijau,
KABUPATEN KUNINGAN,2016-01-01,Kuningan,Pertumbuhan Hijau,
KABUPATEN CIREBON,2016-01-01,Cirebon,Pertumbuhan Hijau,
KABUPATEN MAJALENGKA,2016-01-01,Majalengka,Pertumbuhan Hijau,
KABUPATEN SUMEDANG,2016-01-01,Sumedang,Pertumbuhan Hijau,
KABUPATEN INDRAMAYU,2016-01-01,Indramayu,Pertumbuhan Hijau,
KABUPATEN SUBANG,2016-01-01,Subang,Pertumbuhan Hijau,
KABUPATEN PURWAKARTA,2016-01-01,Purwakarta,Pertumbuhan Hijau,
KABUPATEN KARAWANG,2016-01-01,Karawang,Pertumbuhan Hijau,
KABUPATEN BEKASI,2016-01-01,Bekasi,Pertumbuhan Hijau,
KABUPATEN BANDUNG BARAT,2016-01-01,Bandung Barat,Pertumbuhan Hijau,
KABUPATEN PANGANDARAN,2016-01-01,Pangandaran,Pertumbuhan Hijau,
KOTA BOGOR,2016-01-01,Kota Bogor,Pertumbuhan Hijau,
KOTA SUKABUMI,2016-01-01,Kota Sukabumi,Pertumbuhan Hijau,
KOTA BANDUNG,2016-01-01,Kota Bandung,Pertumbuhan Hijau,
KOTA CIREBON,2016-01-01,Kota Cirebon,Pertumbuhan Hijau,
KOTA BEKASI,2016-01-01,Kota Bekasi,Pertumbuhan Hijau,
KOTA DEPOK,2016-01-01,Kota Depok,Pertumbuhan Hijau,
KOTA CIMAHI,2016-01-01,Kota Cimahi,Pertumbuhan Hijau,
KOTA TASIKMALAYA,2016-01-01,Kota Tasikmalaya,Pertumbuhan Hijau,
KOTA BANJAR,2016-01-01,Kota Banjar,Pertumbuhan Hijau,
KABUPATEN BOGOR,2017-01-01,Bogor,Pertumbuhan Hijau,
KABUPATEN SUKABUMI,2017-01-01,Sukabumi,Pertumbuhan Hijau,
KABUPATEN CIANJUR,2017-01-01,Cianjur,Pertumbuhan Hijau,
KABUPATEN BANDUNG,2017-01-01,Bandung,Pertumbuhan Hijau,
KABUPATEN GARUT,2017-01-01,Garut,Pertumbuhan Hijau,
KABUPATEN TASIKMALAYA,2017-01-01,Tasikmalaya,Pertumbuhan Hijau,
KABUPATEN CIAMIS,2017-01-01,Ciamis,Pertumbuhan Hijau,
KABUPATEN KUNINGAN,2017-01-01,Kuningan,Pertumbuhan Hijau,
KABUPATEN CIREBON,2017-01-01,Cirebon,Pertumbuhan Hijau,
KABUPATEN MAJALENGKA,2017-01-01,Majalengka,Pertumbuhan Hijau,
KABUPATEN SUMEDANG,2017-01-01,Sumedang,Pertumbuhan Hijau,
KABUPATEN INDRAMAYU,2017-01-01,Indramayu,Pertumbuhan Hijau,
KABUPATEN SUBANG,2017-01-01,Subang,Pertumbuhan Hijau,
KABUPATEN PURWAKARTA,2017-01-01,Purwakarta,Pertumbuhan Hijau,
KABUPATEN KARAWANG,2017-01-01,Karawang,Pertumbuhan Hijau,
KABUPATEN BEKASI,2017-01-01,Bekasi,Pertumbuhan Hijau,
KABUPATEN BANDUNG BARAT,2017-01-01,Bandung Barat,Pertumbuhan Hijau,
KABUPATEN PANGANDARAN,2017-01-01,Pangandaran,Pertumbuhan Hijau,
KOTA BOGOR,2017-01-01,Kota Bogor,Pertumbuhan Hijau,
KOTA SUKABUMI,2017-01-01,Kota Sukabumi,Pertumbuhan Hijau,
KOTA BANDUNG,2017-01-01,Kota Bandung,Pertumbuhan Hijau,
KOTA CIREBON,2017-01-01,Kota Cirebon,Pertumbuhan Hijau,
KOTA BEKASI,2017-01-01,Kota Bekasi,Pertumbuhan Hijau,
KOTA DEPOK,2017-01-01,Kota Depok,Pertumbuhan Hijau,
KOTA CIMAHI,2017-01-01,Kota Cimahi,Pertumbuhan Hijau,
KOTA TASIKMALAYA,2017-01-01,Kota Tasikmalaya,Pertumbuhan Hijau,
KOTA BANJAR,2017-01-01,Kota Banjar,Pertumbuhan Hijau,
KABUPATEN BOGOR,2018-01-01,Bogor,Pertumbuhan Hijau,
KABUPATEN SUKABUMI,2018-01-01,Sukabumi,Pertumbuhan Hijau,
KABUPATEN CIANJUR,2018-01-01,Cianjur,Pertumbuhan Hijau,
KABUPATEN BANDUNG,2018-01-01,Bandung,Pertumbuhan Hijau,
KABUPATEN GARUT,2018-01-01,Garut,Pertumbuhan Hijau,
KABUPATEN TASIKMALAYA,2018-01-01,Tasikmalaya,Pertumbuhan Hijau,
KABUPATEN CIAMIS,2018-01-01,Ciamis,Pertumbuhan Hijau,
KABUPATEN KUNINGAN,2018-01-01,Kuningan,Pertumbuhan Hijau,
KABUPATEN CIREBON,2018-01-01,Cirebon,Pertumbuhan Hijau,
KABUPATEN MAJALENGKA,2018-01-01,Majalengka,Pertumbuhan Hijau,
KABUPATEN SUMEDANG,2018-01-01,Sumedang,Pertumbuhan Hijau,
KABUPATEN INDRAMAYU,2018-01-01,Indramayu,Pertumbuhan Hijau,
KABUPATEN SUBANG,2018-01-01,Subang,Pertumbuhan Hijau,
KABUPATEN PURWAKARTA,2018-01-01,Purwakarta,Pertumbuhan Hijau,
KABUPATEN KARAWANG,2018-01-01,Karawang,Pertumbuhan Hijau,
KABUPATEN BEKASI,2018-01-01,Bekasi,Pertumbuhan Hijau,
KABUPATEN BANDUNG BARAT,2018-01-01,Bandung Barat,Pertumbuhan Hijau,
KABUPATEN PANGANDARAN,2018-01-01,Pangandaran,Pertumbuhan Hijau,
KOTA BOGOR,2018-01-01,Kota Bogor,Pertumbuhan Hijau,
KOTA SUKABUMI,2018-01-01,Kota Sukabumi,Pertumbuhan Hijau,
KOTA BANDUNG,2018-01-01,Kota Bandung,Pertumbuhan Hijau,
KOTA CIREBON,2018-01-01,Kota Cirebon,Pertumbuhan Hijau,
KOTA BEKASI,2018-01-01,Kota Bekasi,Pertumbuhan Hijau,
KOTA DEPOK,2018-01-01,Kota Depok,Pertumbuhan Hijau,
KOTA CIMAHI,2018-01-01,Kota Cimahi,Pertumbuhan Hijau,
KOTA TASIKMALAYA,2018-01-01,Kota Tasikmalaya,Pertumbuhan Hijau,
KOTA BANJAR,2018-01-01,Kota Banjar,Pertumbuhan Hijau,
KABUPATEN BOGOR,2019-01-01,Bogor,Pertumbuhan Hijau,70965.0
KABUPATEN SUKABUMI,2019-01-01,Sukabumi,Pertumbuhan Hijau,53908.0
KABUPATEN CIANJUR,2019-01-01,Cianjur,Pertumbuhan Hijau,27429.0
KABUPATEN BANDUNG,2019-01-01,Bandung,Pertumbuhan Hijau,49998.0
KABUPATEN GARUT,2019-01-01,Garut,Pertumbuhan Hijau,45388.0
KABUPATEN TASIKMALAYA,2019-01-01,Tasikmalaya,Pertumbuhan Hijau,24282.0
KABUPATEN CIAMIS,2019-01-01,Ciamis,Pertumbuhan Hijau,16780.0
KABUPATEN KUNINGAN,2019-01-01,Kuningan,Pertumbuhan Hijau,27528.0
KABUPATEN CIREBON,2019-01-01,Cirebon,Pertumbuhan Hijau,52159.0
KABUPATEN MAJALENGKA,2019-01-01,Majalengka,Pertumbuhan Hijau,25181.0
KABUPATEN SUMEDANG,2019-01-01,Sumedang,Pertumbuhan Hijau,14560.0
KABUPATEN INDRAMAYU,2019-01-01,Indramayu,Pertumbuhan Hijau,27491.0
KABUPATEN SUBANG,2019-01-01,Subang,Pertumbuhan Hijau,24617.0
KABUPATEN PURWAKARTA,2019-01-01,Purwakarta,Pertumbuhan Hijau,11156.0
KABUPATEN KARAWANG,2019-01-01,Karawang,Pertumbuhan Hijau,20675.0
KABUPATEN BEKASI,2019-01-01,Bekasi,Pertumbuhan Hijau,15039.0
KABUPATEN BANDUNG BARAT,2019-01-01,Bandung Barat,Pertumbuhan Hijau,26916.0
KABUPATEN PANGANDARAN,2019-01-01,Pangandaran,Pertumbuhan Hijau,4428.0
KOTA BOGOR,2019-01-01,Kota Bogor,Pertumbuhan Hijau,
KOTA SUKABUMI,2019-01-01,Kota Sukabumi,Pertumbuhan Hijau,
KOTA BANDUNG,2019-01-01,Kota Bandung,Pertumbuhan Hijau,
KOTA CIREBON,2019-01-01,Kota Cirebon,Pertumbuhan Hijau,
KOTA BEKASI,2019-01-01,Kota Bekasi,Pertumbuhan Hijau,
KOTA DEPOK,2019-01-01,Kota Depok,Pertumbuhan Hijau,
KOTA CIMAHI,2019-01-01,Kota Cimahi,Pertumbuhan Hijau,
KOTA TASIKMALAYA,2019-01-01,Kota Tasikmalaya,Pertumbuhan Hijau,
KOTA BANJAR,2019-01-01,Kota Banjar,Pertumbuhan Hijau,1397.0
KABUPATEN BOGOR,2020-01-01,Bogor,Pertumbuhan Hijau,95429.0
KABUPATEN SUKABUMI,2020-01-01,Sukabumi,Pertumbuhan Hijau,58807.0
KABUPATEN CIANJUR,2020-01-01,Cianjur,Pertumbuhan Hijau,46900.0
KABUPATEN BANDUNG,2020-01-01,Bandung,Pertumbuhan Hijau,67025.0
KABUPATEN GARUT,2020-01-01,Garut,Pertumbuhan Hijau,56872.0
KABUPATEN TASIKMALAYA,2020-01-01,Tasikmalaya,Pertumbuhan Hijau,30926.0
KABUPATEN CIAMIS,2020-01-01,Ciamis,Pertumbuhan Hijau,20077.0
KABUPATEN KUNINGAN,2020-01-01,Kuningan,Pertumbuhan Hijau,28440.0
KABUPATEN CIREBON,2020-01-01,Cirebon,Pertumbuhan Hijau,55693.0
KABUPATEN MAJALENGKA,2020-01-01,Majalengka,Pertumbuhan Hijau,31632.0
KABUPATEN SUMEDANG,2020-01-01,Sumedang,Pertumbuhan Hijau,19147.0
KABUPATEN INDRAMAYU,2020-01-01,Indramayu,Pertumbuhan Hijau,35912.0
KABUPATEN SUBANG,2020-01-01,Subang,Pertumbuhan Hijau,31404.0
KABUPATEN PURWAKARTA,2020-01-01,Purwakarta,Pertumbuhan Hijau,17108.0
KABUPATEN KARAWANG,2020-01-01,Karawang,Pertumbuhan Hijau,34780.0
KABUPATEN BEKASI,2020-01-01,Bekasi,Pertumbuhan Hijau,36350.0
KABUPATEN BANDUNG BARAT,2020-01-01,Bandung Barat,Pertumbuhan Hijau,35067.0
KABUPATEN PANGANDARAN,2020-01-01,Pangandaran,Pertumbuhan Hijau,5725.0
KOTA BOGOR,2020-01-01,Kota Bogor,Pertumbuhan Hijau,
KOTA SUKABUMI,2020-01-01,Kota Sukabumi,Pertumbuhan Hijau,
KOTA BANDUNG,2020-01-01,Kota Bandung,Pertumbuhan Hijau,
KOTA CIREBON,2020-01-01,Kota Cirebon,Pertumbuhan Hijau,
KOTA BEKASI,2020-01-01,Kota Bekasi,Pertumbuhan Hijau,
KOTA DEPOK,2020-01-01,Kota Depok,Pertumbuhan Hijau,
KOTA CIMAHI,2020-01-01,Kota Cimahi,Pertumbuhan Hijau,
KOTA TASIKMALAYA,2020-01-01,Kota Tasikmalaya,Pertumbuhan Hijau,
KOTA BANJAR,2020-01-01,Kota Banjar,Pertumbuhan Hijau,2609.0
KABUPATEN BOGOR,2021-01-01,Bogor,Pertumbuhan Hijau,114830.0
KABUPATEN SUKABUMI,2021-01-01,Sukabumi,Pertumbuhan Hijau,69340.0
KABUPATEN CIANJUR,2021-01-01,Cianjur,Pertumbuhan Hijau,55961.0
KABUPATEN BANDUNG,2021-01-01,Bandung,Pertumbuhan Hijau,81370.0
KABUPATEN GARUT,2021-01-01,Garut,Pertumbuhan Hijau,61374.0
KABUPATEN TASIKMALAYA,2021-01-01,Tasikmalaya,Pertumbuhan Hijau,34521.0
KABUPATEN CIAMIS,2021-01-01,Ciamis,Pertumbuhan Hijau,23089.0
KABUPATEN KUNINGAN,2021-01-01,Kuningan,Pertumbuhan Hijau,28637.0
KABUPATEN CIREBON,2021-01-01,Cirebon,Pertumbuhan Hijau,62897.0
KABUPATEN MAJALENGKA,2021-01-01,Majalengka,Pertumbuhan Hijau,33143.0
KABUPATEN SUMEDANG,2021-01-01,Sumedang,Pertumbuhan Hijau,22947.0
KABUPATEN INDRAMAYU,2021-01-01,Indramayu,Pertumbuhan Hijau,36314.0
KABUPATEN SUBANG,2021-01-01,Subang,Pertumbuhan Hijau,33006.0
KABUPATEN PURWAKARTA,2021-01-01,Purwakarta,Pertumbuhan Hijau,18987.0
KABUPATEN KARAWANG,2021-01-01,Karawang,Pertumbuhan Hijau,38327.0
KABUPATEN BEKASI,2021-01-01,Bekasi,Pertumbuhan Hijau,39035.0
KABUPATEN BANDUNG BARAT,2021-01-01,Bandung Barat,Pertumbuhan Hijau,45953.0
KABUPATEN PANGANDARAN,2021-01-01,Pangandaran,Pertumbuhan Hijau,7287.0
KOTA BOGOR,2021-01-01,Kota Bogor,Pertumbuhan Hijau,
KOTA SUKABUMI,2021-01-01,Kota Sukabumi,Pertumbuhan Hijau,
KOTA BANDUNG,2021-01-01,Kota Bandung,Pertumbuhan Hijau,
KOTA CIREBON,2021-01-01,Kota Cirebon,Pertumbuhan Hijau,
KOTA BEKASI,2021-01-01,Kota Bekasi,Pertumbuhan Hijau,
KOTA DEPOK,2021-01-01,Kota Depok,Pertumbuhan Hijau,
KOTA CIMAHI,2021-01-01,Kota Cimahi,Pertumbuhan Hijau,
KOTA TASIKMALAYA,2021-01-01,Kota Tasikmalaya,Pertumbuhan Hijau,
KOTA BANJAR ,2019-01-01,Kota Banjar,Pertumbuhan Hijau,
KOTA BANJAR ,2020-01-01,Kota Banjar,Pertumbuhan Hijau,
KOTA BANJAR,2021-01-01,Kota Banjar,Pertumbuhan Hijau,2788.0
KABUPATEN BOGOR,2010-01-01,Bogor,Pertumbuhan Kuning,
KABUPATEN SUKABUMI,2010-01-01,Sukabumi,Pertumbuhan Kuning,
KABUPATEN CIANJUR,2010-01-01,Cianjur,Pertumbuhan Kuning,
KABUPATEN BANDUNG,2010-01-01,Bandung,Pertumbuhan Kuning,
KABUPATEN GARUT,2010-01-01,Garut,Pertumbuhan Kuning,
KABUPATEN TASIKMALAYA,2010-01-01,Tasikmalaya,Pertumbuhan Kuning,
KABUPATEN CIAMIS,2010-01-01,Ciamis,Pertumbuhan Kuning,
KABUPATEN KUNINGAN,2010-01-01,Kuningan,Pertumbuhan Kuning,
KABUPATEN CIREBON,2010-01-01,Cirebon,Pertumbuhan Kuning,
KABUPATEN MAJALENGKA,2010-01-01,Majalengka,Pertumbuhan Kuning,
KABUPATEN SUMEDANG,2010-01-01,Sumedang,Pertumbuhan Kuning,
KABUPATEN INDRAMAYU,2010-01-01,Indramayu,Pertumbuhan Kuning,
KABUPATEN SUBANG,2010-01-01,Subang,Pertumbuhan Kuning,
KABUPATEN PURWAKARTA,2010-01-01,Purwakarta,Pertumbuhan Kuning,
KABUPATEN KARAWANG,2010-01-01,Karawang,Pertumbuhan Kuning,
KABUPATEN BEKASI,2010-01-01,Bekasi,Pertumbuhan Kuning,
KABUPATEN BANDUNG BARAT,2010-01-01,Bandung Barat,Pertumbuhan Kuning,
KABUPATEN PANGANDARAN,2010-01-01,Pangandaran,Pertumbuhan Kuning,
KOTA BOGOR,2010-01-01,Kota Bogor,Pertumbuhan Kuning,
KOTA SUKABUMI,2010-01-01,Kota Sukabumi,Pertumbuhan Kuning,
KOTA BANDUNG,2010-01-01,Kota Bandung,Pertumbuhan Kuning,
KOTA CIREBON,2010-01-01,Kota Cirebon,Pertumbuhan Kuning,
KOTA BEKASI,2010-01-01,Kota Bekasi,Pertumbuhan Kuning,
KOTA DEPOK,2010-01-01,Kota Depok,Pertumbuhan Kuning,
KOTA CIMAHI,2010-01-01,Kota Cimahi,Pertumbuhan Kuning,
KOTA TASIKMALAYA,2010-01-01,Kota Tasikmalaya,Pertumbuhan Kuning,
KOTA BANJAR,2010-01-01,Kota Banjar,Pertumbuhan Kuning,
KABUPATEN BOGOR,2011-01-01,Bogor,Pertumbuhan Kuning,
KABUPATEN SUKABUMI,2011-01-01,Sukabumi,Pertumbuhan Kuning,
KABUPATEN CIANJUR,2011-01-01,Cianjur,Pertumbuhan Kuning,
KABUPATEN BANDUNG,2011-01-01,Bandung,Pertumbuhan Kuning,
KABUPATEN GARUT,2011-01-01,Garut,Pertumbuhan Kuning,
KABUPATEN TASIKMALAYA,2011-01-01,Tasikmalaya,Pertumbuhan Kuning,
KABUPATEN CIAMIS,2011-01-01,Ciamis,Pertumbuhan Kuning,
KABUPATEN KUNINGAN,2011-01-01,Kuningan,Pertumbuhan Kuning,
KABUPATEN CIREBON,2011-01-01,Cirebon,Pertumbuhan Kuning,
KABUPATEN MAJALENGKA,2011-01-01,Majalengka,Pertumbuhan Kuning,
KABUPATEN SUMEDANG,2011-01-01,Sumedang,Pertumbuhan Kuning,
KABUPATEN INDRAMAYU,2011-01-01,Indramayu,Pertumbuhan Kuning,
KABUPATEN SUBANG,2011-01-01,Subang,Pertumbuhan Kuning,
KABUPATEN PURWAKARTA,2011-01-01,Purwakarta,Pertumbuhan Kuning,
KABUPATEN KARAWANG,2011-01-01,Karawang,Pertumbuhan Kuning,
KABUPATEN BEKASI,2011-01-01,Bekasi,Pertumbuhan Kuning,
KABUPATEN BANDUNG BARAT,2011-01-01,Bandung Barat,Pertumbuhan Kuning,
KABUPATEN PANGANDARAN,2011-01-01,Pangandaran,Pertumbuhan Kuning,
KOTA BOGOR,2011-01-01,Kota Bogor,Pertumbuhan Kuning,
KOTA SUKABUMI,2011-01-01,Kota Sukabumi,Pertumbuhan Kuning,
KOTA BANDUNG,2011-01-01,Kota Bandung,Pertumbuhan Kuning,
KOTA CIREBON,2011-01-01,Kota Cirebon,Pertumbuhan Kuning,
KOTA BEKASI,2011-01-01,Kota Bekasi,Pertumbuhan Kuning,
KOTA DEPOK,2011-01-01,Kota Depok,Pertumbuhan Kuning,
KOTA CIMAHI,2011-01-01,Kota Cimahi,Pertumbuhan Kuning,
KOTA TASIKMALAYA,2011-01-01,Kota Tasikmalaya,Pertumbuhan Kuning,
KOTA BANJAR,2011-01-01,Kota Banjar,Pertumbuhan Kuning,
KABUPATEN BOGOR,2012-01-01,Bogor,Pertumbuhan Kuning,
KABUPATEN SUKABUMI,2012-01-01,Sukabumi,Pertumbuhan Kuning,
KABUPATEN CIANJUR,2012-01-01,Cianjur,Pertumbuhan Kuning,
KABUPATEN BANDUNG,2012-01-01,Bandung,Pertumbuhan Kuning,
KABUPATEN GARUT,2012-01-01,Garut,Pertumbuhan Kuning,
KABUPATEN TASIKMALAYA,2012-01-01,Tasikmalaya,Pertumbuhan Kuning,
KABUPATEN CIAMIS,2012-01-01,Ciamis,Pertumbuhan Kuning,
KABUPATEN KUNINGAN,2012-01-01,Kuningan,Pertumbuhan Kuning,
KABUPATEN CIREBON,2012-01-01,Cirebon,Pertumbuhan Kuning,
KABUPATEN MAJALENGKA,2012-01-01,Majalengka,Pertumbuhan Kuning,
KABUPATEN SUMEDANG,2012-01-01,Sumedang,Pertumbuhan Kuning,
KABUPATEN INDRAMAYU,2012-01-01,Indramayu,Pertumbuhan Kuning,
KABUPATEN SUBANG,2012-01-01,Subang,Pertumbuhan Kuning,
KABUPATEN PURWAKARTA,2012-01-01,Purwakarta,Pertumbuhan Kuning,
KABUPATEN KARAWANG,2012-01-01,Karawang,Pertumbuhan Kuning,
KABUPATEN BEKASI,2012-01-01,Bekasi,Pertumbuhan Kuning,
KABUPATEN BANDUNG BARAT,2012-01-01,Bandung Barat,Pertumbuhan Kuning,
KABUPATEN PANGANDARAN,2012-01-01,Pangandaran,Pertumbuhan Kuning,
KOTA BOGOR,2012-01-01,Kota Bogor,Pertumbuhan Kuning,
KOTA SUKABUMI,2012-01-01,Kota Sukabumi,Pertumbuhan Kuning,
KOTA BANDUNG,2012-01-01,Kota Bandung,Pertumbuhan Kuning,
KOTA CIREBON,2012-01-01,Kota Cirebon,Pertumbuhan Kuning,
KOTA BEKASI,2012-01-01,Kota Bekasi,Pertumbuhan Kuning,
KOTA DEPOK,2012-01-01,Kota Depok,Pertumbuhan Kuning,
KOTA CIMAHI,2012-01-01,Kota Cimahi,Pertumbuhan Kuning,
KOTA TASIKMALAYA,2012-01-01,Kota Tasikmalaya,Pertumbuhan Kuning,
KOTA BANJAR,2012-01-01,Kota Banjar,Pertumbuhan Kuning,
KABUPATEN BOGOR,2013-01-01,Bogor,Pertumbuhan Kuning,
KABUPATEN SUKABUMI,2013-01-01,Sukabumi,Pertumbuhan Kuning,
KABUPATEN CIANJUR,2013-01-01,Cianjur,Pertumbuhan Kuning,
KABUPATEN BANDUNG,2013-01-01,Bandung,Pertumbuhan Kuning,
KABUPATEN GARUT,2013-01-01,Garut,Pertumbuhan Kuning,
KABUPATEN TASIKMALAYA,2013-01-01,Tasikmalaya,Pertumbuhan Kuning,
KABUPATEN CIAMIS,2013-01-01,Ciamis,Pertumbuhan Kuning,
KABUPATEN KUNINGAN,2013-01-01,Kuningan,Pertumbuhan Kuning,
KABUPATEN CIREBON,2013-01-01,Cirebon,Pertumbuhan Kuning,
KABUPATEN MAJALENGKA,2013-01-01,Majalengka,Pertumbuhan Kuning,
KABUPATEN SUMEDANG,2013-01-01,Sumedang,Pertumbuhan Kuning,
KABUPATEN INDRAMAYU,2013-01-01,Indramayu,Pertumbuhan Kuning,
KABUPATEN SUBANG,2013-01-01,Subang,Pertumbuhan Kuning,
KABUPATEN PURWAKARTA,2013-01-01,Purwakarta,Pertumbuhan Kuning,
KABUPATEN KARAWANG,2013-01-01,Karawang,Pertumbuhan Kuning,
KABUPATEN BEKASI,2013-01-01,Bekasi,Pertumbuhan Kuning,
KABUPATEN BANDUNG BARAT,2013-01-01,Bandung Barat,Pertumbuhan Kuning,
KABUPATEN PANGANDARAN,2013-01-01,Pangandaran,Pertumbuhan Kuning,
KOTA BOGOR,2013-01-01,Kota Bogor,Pertumbuhan Kuning,
KOTA SUKABUMI,2013-01-01,Kota Sukabumi,Pertumbuhan Kuning,
KOTA BANDUNG,2013-01-01,Kota Bandung,Pertumbuhan Kuning,
KOTA CIREBON,2013-01-01,Kota Cirebon,Pertumbuhan Kuning,
KOTA BEKASI,2013-01-01,Kota Bekasi,Pertumbuhan Kuning,
KOTA DEPOK,2013-01-01,Kota Depok,Pertumbuhan Kuning,
KOTA CIMAHI,2013-01-01,Kota Cimahi,Pertumbuhan Kuning,
KOTA TASIKMALAYA,2013-01-01,Kota Tasikmalaya,Pertumbuhan Kuning,
KOTA BANJAR,2013-01-01,Kota Banjar,Pertumbuhan Kuning,
KABUPATEN BOGOR,2014-01-01,Bogor,Pertumbuhan Kuning,
KABUPATEN SUKABUMI,2014-01-01,Sukabumi,Pertumbuhan Kuning,
KABUPATEN CIANJUR,2014-01-01,Cianjur,Pertumbuhan Kuning,
KABUPATEN BANDUNG,2014-01-01,Bandung,Pertumbuhan Kuning,
KABUPATEN GARUT,2014-01-01,Garut,Pertumbuhan Kuning,
KABUPATEN TASIKMALAYA,2014-01-01,Tasikmalaya,Pertumbuhan Kuning,
KABUPATEN CIAMIS,2014-01-01,Ciamis,Pertumbuhan Kuning,
KABUPATEN KUNINGAN,2014-01-01,Kuningan,Pertumbuhan Kuning,
KABUPATEN CIREBON,2014-01-01,Cirebon,Pertumbuhan Kuning,
KABUPATEN MAJALENGKA,2014-01-01,Majalengka,Pertumbuhan Kuning,
KABUPATEN SUMEDANG,2014-01-01,Sumedang,Pertumbuhan Kuning,
KABUPATEN INDRAMAYU,2014-01-01,Indramayu,Pertumbuhan Kuning,
KABUPATEN SUBANG,2014-01-01,Subang,Pertumbuhan Kuning,
KABUPATEN PURWAKARTA,2014-01-01,Purwakarta,Pertumbuhan Kuning,
KABUPATEN KARAWANG,2014-01-01,Karawang,Pertumbuhan Kuning,
KABUPATEN BEKASI,2014-01-01,Bekasi,Pertumbuhan Kuning,
KABUPATEN BANDUNG BARAT,2014-01-01,Bandung Barat,Pertumbuhan Kuning,
KABUPATEN PANGANDARAN,2014-01-01,Pangandaran,Pertumbuhan Kuning,
KOTA BOGOR,2014-01-01,Kota Bogor,Pertumbuhan Kuning,
KOTA SUKABUMI,2014-01-01,Kota Sukabumi,Pertumbuhan Kuning,
KOTA BANDUNG,2014-01-01,Kota Bandung,Pertumbuhan Kuning,
KOTA CIREBON,2014-01-01,Kota Cirebon,Pertumbuhan Kuning,
KOTA BEKASI,2014-01-01,Kota Bekasi,Pertumbuhan Kuning,
KOTA DEPOK,2014-01-01,Kota Depok,Pertumbuhan Kuning,
KOTA CIMAHI,2014-01-01,Kota Cimahi,Pertumbuhan Kuning,
KOTA TASIKMALAYA,2014-01-01,Kota Tasikmalaya,Pertumbuhan Kuning,
KOTA BANJAR,2014-01-01,Kota Banjar,Pertumbuhan Kuning,
KABUPATEN BOGOR,2015-01-01,Bogor,Pertumbuhan Kuning,
KABUPATEN SUKABUMI,2015-01-01,Sukabumi,Pertumbuhan Kuning,
KABUPATEN CIANJUR,2015-01-01,Cianjur,Pertumbuhan Kuning,
KABUPATEN BANDUNG,2015-01-01,Bandung,Pertumbuhan Kuning,
KABUPATEN GARUT,2015-01-01,Garut,Pertumbuhan Kuning,
KABUPATEN TASIKMALAYA,2015-01-01,Tasikmalaya,Pertumbuhan Kuning,
KABUPATEN CIAMIS,2015-01-01,Ciamis,Pertumbuhan Kuning,
KABUPATEN KUNINGAN,2015-01-01,Kuningan,Pertumbuhan Kuning,
KABUPATEN CIREBON,2015-01-01,Cirebon,Pertumbuhan Kuning,
KABUPATEN MAJALENGKA,2015-01-01,Majalengka,Pertumbuhan Kuning,
KABUPATEN SUMEDANG,2015-01-01,Sumedang,Pertumbuhan Kuning,
KABUPATEN INDRAMAYU,2015-01-01,Indramayu,Pertumbuhan Kuning,
KABUPATEN SUBANG,2015-01-01,Subang,Pertumbuhan Kuning,
KABUPATEN PURWAKARTA,2015-01-01,Purwakarta,Pertumbuhan Kuning,
KABUPATEN KARAWANG,2015-01-01,Karawang,Pertumbuhan Kuning,
KABUPATEN BEKASI,2015-01-01,Bekasi,Pertumbuhan Kuning,
KABUPATEN BANDUNG BARAT,2015-01-01,Bandung Barat,Pertumbuhan Kuning,
KABUPATEN PANGANDARAN,2015-01-01,Pangandaran,Pertumbuhan Kuning,
KOTA BOGOR,2015-01-01,Kota Bogor,Pertumbuhan Kuning,
KOTA SUKABUMI,2015-01-01,Kota Sukabumi,Pertumbuhan Kuning,
KOTA BANDUNG,2015-01-01,Kota Bandung,Pertumbuhan Kuning,
KOTA CIREBON,2015-01-01,Kota Cirebon,Pertumbuhan Kuning,
KOTA BEKASI,2015-01-01,Kota Bekasi,Pertumbuhan Kuning,
KOTA DEPOK,2015-01-01,Kota Depok,Pertumbuhan Kuning,
KOTA CIMAHI,2015-01-01,Kota Cimahi,Pertumbuhan Kuning,
KOTA TASIKMALAYA,2015-01-01,Kota Tasikmalaya,Pertumbuhan Kuning,
KOTA BANJAR,2015-01-01,Kota Banjar,Pertumbuhan Kuning,
KABUPATEN BOGOR,2016-01-01,Bogor,Pertumbuhan Kuning,
KABUPATEN SUKABUMI,2016-01-01,Sukabumi,Pertumbuhan Kuning,
KABUPATEN CIANJUR,2016-01-01,Cianjur,Pertumbuhan Kuning,
KABUPATEN BANDUNG,2016-01-01,Bandung,Pertumbuhan Kuning,
KABUPATEN GARUT,2016-01-01,Garut,Pertumbuhan Kuning,
KABUPATEN TASIKMALAYA,2016-01-01,Tasikmalaya,Pertumbuhan Kuning,
KABUPATEN CIAMIS,2016-01-01,Ciamis,Pertumbuhan Kuning,
KABUPATEN KUNINGAN,2016-01-01,Kuningan,Pertumbuhan Kuning,
KABUPATEN CIREBON,2016-01-01,Cirebon,Pertumbuhan Kuning,
KABUPATEN MAJALENGKA,2016-01-01,Majalengka,Pertumbuhan Kuning,
KABUPATEN SUMEDANG,2016-01-01,Sumedang,Pertumbuhan Kuning,
KABUPATEN INDRAMAYU,2016-01-01,Indramayu,Pertumbuhan Kuning,
KABUPATEN SUBANG,2016-01-01,Subang,Pertumbuhan Kuning,
KABUPATEN PURWAKARTA,2016-01-01,Purwakarta,Pertumbuhan Kuning,
KABUPATEN KARAWANG,2016-01-01,Karawang,Pertumbuhan Kuning,
KABUPATEN BEKASI,2016-01-01,Bekasi,Pertumbuhan Kuning,
KABUPATEN BANDUNG BARAT,2016-01-01,Bandung Barat,Pertumbuhan Kuning,
KABUPATEN PANGANDARAN,2016-01-01,Pangandaran,Pertumbuhan Kuning,
KOTA BOGOR,2016-01-01,Kota Bogor,Pertumbuhan Kuning,
KOTA SUKABUMI,2016-01-01,Kota Sukabumi,Pertumbuhan Kuning,
KOTA BANDUNG,2016-01-01,Kota Bandung,Pertumbuhan Kuning,
KOTA CIREBON,2016-01-01,Kota Cirebon,Pertumbuhan Kuning,
KOTA BEKASI,2016-01-01,Kota Bekasi,Pertumbuhan Kuning,
KOTA DEPOK,2016-01-01,Kota Depok,Pertumbuhan Kuning,
KOTA CIMAHI,2016-01-01,Kota Cimahi,Pertumbuhan Kuning,
KOTA TASIKMALAYA,2016-01-01,Kota Tasikmalaya,Pertumbuhan Kuning,
KOTA BANJAR,2016-01-01,Kota Banjar,Pertumbuhan Kuning,
KABUPATEN BOGOR,2017-01-01,Bogor,Pertumbuhan Kuning,
KABUPATEN SUKABUMI,2017-01-01,Sukabumi,Pertumbuhan Kuning,
KABUPATEN CIANJUR,2017-01-01,Cianjur,Pertumbuhan Kuning,
KABUPATEN BANDUNG,2017-01-01,Bandung,Pertumbuhan Kuning,
KABUPATEN GARUT,2017-01-01,Garut,Pertumbuhan Kuning,
KABUPATEN TASIKMALAYA,2017-01-01,Tasikmalaya,Pertumbuhan Kuning,
KABUPATEN CIAMIS,2017-01-01,Ciamis,Pertumbuhan Kuning,
KABUPATEN KUNINGAN,2017-01-01,Kuningan,Pertumbuhan Kuning,
KABUPATEN CIREBON,2017-01-01,Cirebon,Pertumbuhan Kuning,
KABUPATEN MAJALENGKA,2017-01-01,Majalengka,Pertumbuhan Kuning,
KABUPATEN SUMEDANG,2017-01-01,Sumedang,Pertumbuhan Kuning,
KABUPATEN INDRAMAYU,2017-01-01,Indramayu,Pertumbuhan Kuning,
KABUPATEN SUBANG,2017-01-01,Subang,Pertumbuhan Kuning,
KABUPATEN PURWAKARTA,2017-01-01,Purwakarta,Pertumbuhan Kuning,
KABUPATEN KARAWANG,2017-01-01,Karawang,Pertumbuhan Kuning,
KABUPATEN BEKASI,2017-01-01,Bekasi,Pertumbuhan Kuning,
KABUPATEN BANDUNG BARAT,2017-01-01,Bandung Barat,Pertumbuhan Kuning,
KABUPATEN PANGANDARAN,2017-01-01,Pangandaran,Pertumbuhan Kuning,
KOTA BOGOR,2017-01-01,Kota Bogor,Pertumbuhan Kuning,
KOTA SUKABUMI,2017-01-01,Kota Sukabumi,Pertumbuhan Kuning,
KOTA BANDUNG,2017-01-01,Kota Bandung,Pertumbuhan Kuning,
KOTA CIREBON,2017-01-01,Kota Cirebon,Pertumbuhan Kuning,
KOTA BEKASI,2017-01-01,Kota Bekasi,Pertumbuhan Kuning,
KOTA DEPOK,2017-01-01,Kota Depok,Pertumbuhan Kuning,
KOTA CIMAHI,2017-01-01,Kota Cimahi,Pertumbuhan Kuning,
KOTA TASIKMALAYA,2017-01-01,Kota Tasikmalaya,Pertumbuhan Kuning,
KOTA BANJAR,2017-01-01,Kota Banjar,Pertumbuhan Kuning,
KABUPATEN BOGOR,2018-01-01,Bogor,Pertumbuhan Kuning,
KABUPATEN SUKABUMI,2018-01-01,Sukabumi,Pertumbuhan Kuning,
KABUPATEN CIANJUR,2018-01-01,Cianjur,Pertumbuhan Kuning,
KABUPATEN BANDUNG,2018-01-01,Bandung,Pertumbuhan Kuning,
KABUPATEN GARUT,2018-01-01,Garut,Pertumbuhan Kuning,
KABUPATEN TASIKMALAYA,2018-01-01,Tasikmalaya,Pertumbuhan Kuning,
KABUPATEN CIAMIS,2018-01-01,Ciamis,Pertumbuhan Kuning,
KABUPATEN KUNINGAN,2018-01-01,Kuningan,Pertumbuhan Kuning,
KABUPATEN CIREBON,2018-01-01,Cirebon,Pertumbuhan Kuning,
KABUPATEN MAJALENGKA,2018-01-01,Majalengka,Pertumbuhan Kuning,
KABUPATEN SUMEDANG,2018-01-01,Sumedang,Pertumbuhan Kuning,
KABUPATEN INDRAMAYU,2018-01-01,Indramayu,Pertumbuhan Kuning,
KABUPATEN SUBANG,2018-01-01,Subang,Pertumbuhan Kuning,
KABUPATEN PURWAKARTA,2018-01-01,Purwakarta,Pertumbuhan Kuning,
KABUPATEN KARAWANG,2018-01-01,Karawang,Pertumbuhan Kuning,
KABUPATEN BEKASI,2018-01-01,Bekasi,Pertumbuhan Kuning,
KABUPATEN BANDUNG BARAT,2018-01-01,Bandung Barat,Pertumbuhan Kuning,
KABUPATEN PANGANDARAN,2018-01-01,Pangandaran,Pertumbuhan Kuning,
KOTA BOGOR,2018-01-01,Kota Bogor,Pertumbuhan Kuning,
KOTA SUKABUMI,2018-01-01,Kota Sukabumi,Pertumbuhan Kuning,
KOTA BANDUNG,2018-01-01,Kota Bandung,Pertumbuhan Kuning,
KOTA CIREBON,2018-01-01,Kota Cirebon,Pertumbuhan Kuning,
KOTA BEKASI,2018-01-01,Kota Bekasi,Pertumbuhan Kuning,
KOTA DEPOK,2018-01-01,Kota Depok,Pertumbuhan Kuning,
KOTA CIMAHI,2018-01-01,Kota Cimahi,Pertumbuhan Kuning,
KOTA TASIKMALAYA,2018-01-01,Kota Tasikmalaya,Pertumbuhan Kuning,
KOTA BANJAR,2018-01-01,Kota Banjar,Pertumbuhan Kuning,
KABUPATEN BOGOR,2019-01-01,Bogor,Pertumbuhan Kuning,2507.0
KABUPATEN SUKABUMI,2019-01-01,Sukabumi,Pertumbuhan Kuning,2427.0
KABUPATEN CIANJUR,2019-01-01,Cianjur,Pertumbuhan Kuning,1618.0
KABUPATEN BANDUNG,2019-01-01,Bandung,Pertumbuhan Kuning,2943.0
KABUPATEN GARUT,2019-01-01,Garut,Pertumbuhan Kuning,2333.0
KABUPATEN TASIKMALAYA,2019-01-01,Tasikmalaya,Pertumbuhan Kuning,1734.0
KABUPATEN CIAMIS,2019-01-01,Ciamis,Pertumbuhan Kuning,1240.0
KABUPATEN KUNINGAN,2019-01-01,Kuningan,Pertumbuhan Kuning,1128.0
KABUPATEN CIREBON,2019-01-01,Cirebon,Pertumbuhan Kuning,3455.0
KABUPATEN MAJALENGKA,2019-01-01,Majalengka,Pertumbuhan Kuning,1116.0
KABUPATEN SUMEDANG,2019-01-01,Sumedang,Pertumbuhan Kuning,1267.0
KABUPATEN INDRAMAYU,2019-01-01,Indramayu,Pertumbuhan Kuning,503.0
KABUPATEN SUBANG,2019-01-01,Subang,Pertumbuhan Kuning,1352.0
KABUPATEN PURWAKARTA,2019-01-01,Purwakarta,Pertumbuhan Kuning,554.0
KABUPATEN KARAWANG,2019-01-01,Karawang,Pertumbuhan Kuning,1897.0
KABUPATEN BEKASI,2019-01-01,Bekasi,Pertumbuhan Kuning,351.0
KABUPATEN BANDUNG BARAT,2019-01-01,Bandung Barat,Pertumbuhan Kuning,952.0
KABUPATEN PANGANDARAN,2019-01-01,Pangandaran,Pertumbuhan Kuning,340.0
KOTA BOGOR,2019-01-01,Kota Bogor,Pertumbuhan Kuning,
KOTA SUKABUMI,2019-01-01,Kota Sukabumi,Pertumbuhan Kuning,
KOTA BANDUNG,2019-01-01,Kota Bandung,Pertumbuhan Kuning,
KOTA CIREBON,2019-01-01,Kota Cirebon,Pertumbuhan Kuning,
KOTA BEKASI,2019-01-01,Kota Bekasi,Pertumbuhan Kuning,
KOTA DEPOK,2019-01-01,Kota Depok,Pertumbuhan Kuning,
KOTA CIMAHI,2019-01-01,Kota Cimahi,Pertumbuhan Kuning,
KOTA TASIKMALAYA,2019-01-01,Kota Tasikmalaya,Pertumbuhan Kuning,
KOTA BANJAR,2019-01-01,Kota Banjar,Pertumbuhan Kuning,35.0
KABUPATEN BOGOR,2020-01-01,Bogor,Pertumbuhan Kuning,3045.0
KABUPATEN SUKABUMI,2020-01-01,Sukabumi,Pertumbuhan Kuning,3343.0
KABUPATEN CIANJUR,2020-01-01,Cianjur,Pertumbuhan Kuning,1557.0
KABUPATEN BANDUNG,2020-01-01,Bandung,Pertumbuhan Kuning,3294.0
KABUPATEN GARUT,2020-01-01,Garut,Pertumbuhan Kuning,2159.0
KABUPATEN TASIKMALAYA,2020-01-01,Tasikmalaya,Pertumbuhan Kuning,2712.0
KABUPATEN CIAMIS,2020-01-01,Ciamis,Pertumbuhan Kuning,1478.0
KABUPATEN KUNINGAN,2020-01-01,Kuningan,Pertumbuhan Kuning,805.0
KABUPATEN CIREBON,2020-01-01,Cirebon,Pertumbuhan Kuning,3351.0
KABUPATEN MAJALENGKA,2020-01-01,Majalengka,Pertumbuhan Kuning,1330.0
KABUPATEN SUMEDANG,2020-01-01,Sumedang,Pertumbuhan Kuning,1074.0
KABUPATEN INDRAMAYU,2020-01-01,Indramayu,Pertumbuhan Kuning,696.0
KABUPATEN SUBANG,2020-01-01,Subang,Pertumbuhan Kuning,2284.0
KABUPATEN PURWAKARTA,2020-01-01,Purwakarta,Pertumbuhan Kuning,1013.0
KABUPATEN KARAWANG,2020-01-01,Karawang,Pertumbuhan Kuning,1039.0
KABUPATEN BEKASI,2020-01-01,Bekasi,Pertumbuhan Kuning,11470.0
KABUPATEN BANDUNG BARAT,2020-01-01,Bandung Barat,Pertumbuhan Kuning,1061.0
KABUPATEN PANGANDARAN,2020-01-01,Pangandaran,Pertumbuhan Kuning,311.0
KOTA BOGOR,2020-01-01,Kota Bogor,Pertumbuhan Kuning,
KOTA SUKABUMI,2020-01-01,Kota Sukabumi,Pertumbuhan Kuning,
KOTA BANDUNG,2020-01-01,Kota Bandung,Pertumbuhan Kuning,
KOTA CIREBON,2020-01-01,Kota Cirebon,Pertumbuhan Kuning,
KOTA BEKASI,2020-01-01,Kota Bekasi,Pertumbuhan Kuning,
KOTA DEPOK,2020-01-01,Kota Depok,Pertumbuhan Kuning,
KOTA CIMAHI,2020-01-01,Kota Cimahi,Pertumbuhan Kuning,
KOTA TASIKMALAYA,2020-01-01,Kota Tasikmalaya,Pertumbuhan Kuning,
KOTA BANJAR,2020-01-01,Kota Banjar,Pertumbuhan Kuning,68.0
KABUPATEN BOGOR,2021-01-01,Bogor,Pertumbuhan Kuning,
KABUPATEN SUKABUMI,2021-01-01,Sukabumi,Pertumbuhan Kuning,
KABUPATEN CIANJUR,2021-01-01,Cianjur,Pertumbuhan Kuning,
KABUPATEN BANDUNG,2021-01-01,Bandung,Pertumbuhan Kuning,
KABUPATEN GARUT,2021-01-01,Garut,Pertumbuhan Kuning,
KABUPATEN TASIKMALAYA,2021-01-01,Tasikmalaya,Pertumbuhan Kuning,
KABUPATEN CIAMIS,2021-01-01,Ciamis,Pertumbuhan Kuning,
KABUPATEN KUNINGAN,2021-01-01,Kuningan,Pertumbuhan Kuning,
KABUPATEN CIREBON,2021-01-01,Cirebon,Pertumbuhan Kuning,
KABUPATEN MAJALENGKA,2021-01-01,Majalengka,Pertumbuhan Kuning,
KABUPATEN SUMEDANG,2021-01-01,Sumedang,Pertumbuhan Kuning,
KABUPATEN INDRAMAYU,2021-01-01,Indramayu,Pertumbuhan Kuning,
KABUPATEN SUBANG,2021-01-01,Subang,Pertumbuhan Kuning,
KABUPATEN PURWAKARTA,2021-01-01,Purwakarta,Pertumbuhan Kuning,
KABUPATEN KARAWANG,2021-01-01,Karawang,Pertumbuhan Kuning,
KABUPATEN BEKASI,2021-01-01,Bekasi,Pertumbuhan Kuning,
KABUPATEN BANDUNG BARAT,2021-01-01,Bandung Barat,Pertumbuhan Kuning,
KABUPATEN PANGANDARAN,2021-01-01,Pangandaran,Pertumbuhan Kuning,
KOTA BOGOR,2021-01-01,Kota Bogor,Pertumbuhan Kuning,
KOTA SUKABUMI,2021-01-01,Kota Sukabumi,Pertumbuhan Kuning,
KOTA BANDUNG,2021-01-01,Kota Bandung,Pertumbuhan Kuning,
KOTA CIREBON,2021-01-01,Kota Cirebon,Pertumbuhan Kuning,
KOTA BEKASI,2021-01-01,Kota Bekasi,Pertumbuhan Kuning,
KOTA DEPOK,2021-01-01,Kota Depok,Pertumbuhan Kuning,
KOTA CIMAHI,2021-01-01,Kota Cimahi,Pertumbuhan Kuning,
KOTA TASIKMALAYA,2021-01-01,Kota Tasikmalaya,Pertumbuhan Kuning,
KOTA BANJAR ,2019-01-01,Kota Banjar,Pertumbuhan Kuning,
KOTA BANJAR ,2020-01-01,Kota Banjar,Pertumbuhan Kuning,
KOTA BANJAR,2021-01-01,Kota Banjar,Pertumbuhan Kuning,
KABUPATEN BOGOR,2010-01-01,Bogor,Pertumbuhan Merah,
KABUPATEN SUKABUMI,2010-01-01,Sukabumi,Pertumbuhan Merah,
KABUPATEN CIANJUR,2010-01-01,Cianjur,Pertumbuhan Merah,
KABUPATEN BANDUNG,2010-01-01,Bandung,Pertumbuhan Merah,
KABUPATEN GARUT,2010-01-01,Garut,Pertumbuhan Merah,
KABUPATEN TASIKMALAYA,2010-01-01,Tasikmalaya,Pertumbuhan Merah,
KABUPATEN CIAMIS,2010-01-01,Ciamis,Pertumbuhan Merah,
KABUPATEN KUNINGAN,2010-01-01,Kuningan,Pertumbuhan Merah,
KABUPATEN CIREBON,2010-01-01,Cirebon,Pertumbuhan Merah,
KABUPATEN MAJALENGKA,2010-01-01,Majalengka,Pertumbuhan Merah,
KABUPATEN SUMEDANG,2010-01-01,Sumedang,Pertumbuhan Merah,
KABUPATEN INDRAMAYU,2010-01-01,Indramayu,Pertumbuhan Merah,
KABUPATEN SUBANG,2010-01-01,Subang,Pertumbuhan Merah,
KABUPATEN PURWAKARTA,2010-01-01,Purwakarta,Pertumbuhan Merah,
KABUPATEN KARAWANG,2010-01-01,Karawang,Pertumbuhan Merah,
KABUPATEN BEKASI,2010-01-01,Bekasi,Pertumbuhan Merah,
KABUPATEN BANDUNG BARAT,2010-01-01,Bandung Barat,Pertumbuhan Merah,
KABUPATEN PANGANDARAN,2010-01-01,Pangandaran,Pertumbuhan Merah,
KOTA BOGOR,2010-01-01,Kota Bogor,Pertumbuhan Merah,
KOTA SUKABUMI,2010-01-01,Kota Sukabumi,Pertumbuhan Merah,
KOTA BANDUNG,2010-01-01,Kota Bandung,Pertumbuhan Merah,
KOTA CIREBON,2010-01-01,Kota Cirebon,Pertumbuhan Merah,
KOTA BEKASI,2010-01-01,Kota Bekasi,Pertumbuhan Merah,
KOTA DEPOK,2010-01-01,Kota Depok,Pertumbuhan Merah,
KOTA CIMAHI,2010-01-01,Kota Cimahi,Pertumbuhan Merah,
KOTA TASIKMALAYA,2010-01-01,Kota Tasikmalaya,Pertumbuhan Merah,
KOTA BANJAR,2010-01-01,Kota Banjar,Pertumbuhan Merah,
KABUPATEN BOGOR,2011-01-01,Bogor,Pertumbuhan Merah,
KABUPATEN SUKABUMI,2011-01-01,Sukabumi,Pertumbuhan Merah,
KABUPATEN CIANJUR,2011-01-01,Cianjur,Pertumbuhan Merah,
KABUPATEN BANDUNG,2011-01-01,Bandung,Pertumbuhan Merah,
KABUPATEN GARUT,2011-01-01,Garut,Pertumbuhan Merah,
KABUPATEN TASIKMALAYA,2011-01-01,Tasikmalaya,Pertumbuhan Merah,
KABUPATEN CIAMIS,2011-01-01,Ciamis,Pertumbuhan Merah,
KABUPATEN KUNINGAN,2011-01-01,Kuningan,Pertumbuhan Merah,
KABUPATEN CIREBON,2011-01-01,Cirebon,Pertumbuhan Merah,
KABUPATEN MAJALENGKA,2011-01-01,Majalengka,Pertumbuhan Merah,
KABUPATEN SUMEDANG,2011-01-01,Sumedang,Pertumbuhan Merah,
KABUPATEN INDRAMAYU,2011-01-01,Indramayu,Pertumbuhan Merah,
KABUPATEN SUBANG,2011-01-01,Subang,Pertumbuhan Merah,
KABUPATEN PURWAKARTA,2011-01-01,Purwakarta,Pertumbuhan Merah,
KABUPATEN KARAWANG,2011-01-01,Karawang,Pertumbuhan Merah,
KABUPATEN BEKASI,2011-01-01,Bekasi,Pertumbuhan Merah,
KABUPATEN BANDUNG BARAT,2011-01-01,Bandung Barat,Pertumbuhan Merah,
KABUPATEN PANGANDARAN,2011-01-01,Pangandaran,Pertumbuhan Merah,
KOTA BOGOR,2011-01-01,Kota Bogor,Pertumbuhan Merah,
KOTA SUKABUMI,2011-01-01,Kota Sukabumi,Pertumbuhan Merah,
KOTA BANDUNG,2011-01-01,Kota Bandung,Pertumbuhan Merah,
KOTA CIREBON,2011-01-01,Kota Cirebon,Pertumbuhan Merah,
KOTA BEKASI,2011-01-01,Kota Bekasi,Pertumbuhan Merah,
KOTA DEPOK,2011-01-01,Kota Depok,Pertumbuhan Merah,
KOTA CIMAHI,2011-01-01,Kota Cimahi,Pertumbuhan Merah,
KOTA TASIKMALAYA,2011-01-01,Kota Tasikmalaya,Pertumbuhan Merah,
KOTA BANJAR,2011-01-01,Kota Banjar,Pertumbuhan Merah,
KABUPATEN BOGOR,2012-01-01,Bogor,Pertumbuhan Merah,
KABUPATEN SUKABUMI,2012-01-01,Sukabumi,Pertumbuhan Merah,
KABUPATEN CIANJUR,2012-01-01,Cianjur,Pertumbuhan Merah,
KABUPATEN BANDUNG,2012-01-01,Bandung,Pertumbuhan Merah,
KABUPATEN GARUT,2012-01-01,Garut,Pertumbuhan Merah,
KABUPATEN TASIKMALAYA,2012-01-01,Tasikmalaya,Pertumbuhan Merah,
KABUPATEN CIAMIS,2012-01-01,Ciamis,Pertumbuhan Merah,
KABUPATEN KUNINGAN,2012-01-01,Kuningan,Pertumbuhan Merah,
KABUPATEN CIREBON,2012-01-01,Cirebon,Pertumbuhan Merah,
KABUPATEN MAJALENGKA,2012-01-01,Majalengka,Pertumbuhan Merah,
KABUPATEN SUMEDANG,2012-01-01,Sumedang,Pertumbuhan Merah,
KABUPATEN INDRAMAYU,2012-01-01,Indramayu,Pertumbuhan Merah,
KABUPATEN SUBANG,2012-01-01,Subang,Pertumbuhan Merah,
KABUPATEN PURWAKARTA,2012-01-01,Purwakarta,Pertumbuhan Merah,
KABUPATEN KARAWANG,2012-01-01,Karawang,Pertumbuhan Merah,
KABUPATEN BEKASI,2012-01-01,Bekasi,Pertumbuhan Merah,
KABUPATEN BANDUNG BARAT,2012-01-01,Bandung Barat,Pertumbuhan Merah,
KABUPATEN PANGANDARAN,2012-01-01,Pangandaran,Pertumbuhan Merah,
KOTA BOGOR,2012-01-01,Kota Bogor,Pertumbuhan Merah,
KOTA SUKABUMI,2012-01-01,Kota Sukabumi,Pertumbuhan Merah,
KOTA BANDUNG,2012-01-01,Kota Bandung,Pertumbuhan Merah,
KOTA CIREBON,2012-01-01,Kota Cirebon,Pertumbuhan Merah,
KOTA BEKASI,2012-01-01,Kota Bekasi,Pertumbuhan Merah,
KOTA DEPOK,2012-01-01,Kota Depok,Pertumbuhan Merah,
KOTA CIMAHI,2012-01-01,Kota Cimahi,Pertumbuhan Merah,
KOTA TASIKMALAYA,2012-01-01,Kota Tasikmalaya,Pertumbuhan Merah,
KOTA BANJAR,2012-01-01,Kota Banjar,Pertumbuhan Merah,
KABUPATEN BOGOR,2013-01-01,Bogor,Pertumbuhan Merah,
KABUPATEN SUKABUMI,2013-01-01,Sukabumi,Pertumbuhan Merah,
KABUPATEN CIANJUR,2013-01-01,Cianjur,Pertumbuhan Merah,
KABUPATEN BANDUNG,2013-01-01,Bandung,Pertumbuhan Merah,
KABUPATEN GARUT,2013-01-01,Garut,Pertumbuhan Merah,
KABUPATEN TASIKMALAYA,2013-01-01,Tasikmalaya,Pertumbuhan Merah,
KABUPATEN CIAMIS,2013-01-01,Ciamis,Pertumbuhan Merah,
KABUPATEN KUNINGAN,2013-01-01,Kuningan,Pertumbuhan Merah,
KABUPATEN CIREBON,2013-01-01,Cirebon,Pertumbuhan Merah,
KABUPATEN MAJALENGKA,2013-01-01,Majalengka,Pertumbuhan Merah,
KABUPATEN SUMEDANG,2013-01-01,Sumedang,Pertumbuhan Merah,
KABUPATEN INDRAMAYU,2013-01-01,Indramayu,Pertumbuhan Merah,
KABUPATEN SUBANG,2013-01-01,Subang,Pertumbuhan Merah,
KABUPATEN PURWAKARTA,2013-01-01,Purwakarta,Pertumbuhan Merah,
KABUPATEN KARAWANG,2013-01-01,Karawang,Pertumbuhan Merah,
KABUPATEN BEKASI,2013-01-01,Bekasi,Pertumbuhan Merah,
KABUPATEN BANDUNG BARAT,2013-01-01,Bandung Barat,Pertumbuhan Merah,
KABUPATEN PANGANDARAN,2013-01-01,Pangandaran,Pertumbuhan Merah,
KOTA BOGOR,2013-01-01,Kota Bogor,Pertumbuhan Merah,
KOTA SUKABUMI,2013-01-01,Kota Sukabumi,Pertumbuhan Merah,
KOTA BANDUNG,2013-01-01,Kota Bandung,Pertumbuhan Merah,
KOTA CIREBON,2013-01-01,Kota Cirebon,Pertumbuhan Merah,
KOTA BEKASI,2013-01-01,Kota Bekasi,Pertumbuhan Merah,
KOTA DEPOK,2013-01-01,Kota Depok,Pertumbuhan Merah,
KOTA CIMAHI,2013-01-01,Kota Cimahi,Pertumbuhan Merah,
KOTA TASIKMALAYA,2013-01-01,Kota Tasikmalaya,Pertumbuhan Merah,
KOTA BANJAR,2013-01-01,Kota Banjar,Pertumbuhan Merah,
KABUPATEN BOGOR,2014-01-01,Bogor,Pertumbuhan Merah,
KABUPATEN SUKABUMI,2014-01-01,Sukabumi,Pertumbuhan Merah,
KABUPATEN CIANJUR,2014-01-01,Cianjur,Pertumbuhan Merah,
KABUPATEN BANDUNG,2014-01-01,Bandung,Pertumbuhan Merah,
KABUPATEN GARUT,2014-01-01,Garut,Pertumbuhan Merah,
KABUPATEN TASIKMALAYA,2014-01-01,Tasikmalaya,Pertumbuhan Merah,
KABUPATEN CIAMIS,2014-01-01,Ciamis,Pertumbuhan Merah,
KABUPATEN KUNINGAN,2014-01-01,Kuningan,Pertumbuhan Merah,
KABUPATEN CIREBON,2014-01-01,Cirebon,Pertumbuhan Merah,
KABUPATEN MAJALENGKA,2014-01-01,Majalengka,Pertumbuhan Merah,
KABUPATEN SUMEDANG,2014-01-01,Sumedang,Pertumbuhan Merah,
KABUPATEN INDRAMAYU,2014-01-01,Indramayu,Pertumbuhan Merah,
KABUPATEN SUBANG,2014-01-01,Subang,Pertumbuhan Merah,
KABUPATEN PURWAKARTA,2014-01-01,Purwakarta,Pertumbuhan Merah,
KABUPATEN KARAWANG,2014-01-01,Karawang,Pertumbuhan Merah,
KABUPATEN BEKASI,2014-01-01,Bekasi,Pertumbuhan Merah,
KABUPATEN BANDUNG BARAT,2014-01-01,Bandung Barat,Pertumbuhan Merah,
KABUPATEN PANGANDARAN,2014-01-01,Pangandaran,Pertumbuhan Merah,
KOTA BOGOR,2014-01-01,Kota Bogor,Pertumbuhan Merah,
KOTA SUKABUMI,2014-01-01,Kota Sukabumi,Pertumbuhan Merah,
KOTA BANDUNG,2014-01-01,Kota Bandung,Pertumbuhan Merah,
KOTA CIREBON,2014-01-01,Kota Cirebon,Pertumbuhan Merah,
KOTA BEKASI,2014-01-01,Kota Bekasi,Pertumbuhan Merah,
KOTA DEPOK,2014-01-01,Kota Depok,Pertumbuhan Merah,
KOTA CIMAHI,2014-01-01,Kota Cimahi,Pertumbuhan Merah,
KOTA TASIKMALAYA,2014-01-01,Kota Tasikmalaya,Pertumbuhan Merah,
KOTA BANJAR,2014-01-01,Kota Banjar,Pertumbuhan Merah,
KABUPATEN BOGOR,2015-01-01,Bogor,Pertumbuhan Merah,
KABUPATEN SUKABUMI,2015-01-01,Sukabumi,Pertumbuhan Merah,
KABUPATEN CIANJUR,2015-01-01,Cianjur,Pertumbuhan Merah,
KABUPATEN BANDUNG,2015-01-01,Bandung,Pertumbuhan Merah,
KABUPATEN GARUT,2015-01-01,Garut,Pertumbuhan Merah,
KABUPATEN TASIKMALAYA,2015-01-01,Tasikmalaya,Pertumbuhan Merah,
KABUPATEN CIAMIS,2015-01-01,Ciamis,Pertumbuhan Merah,
KABUPATEN KUNINGAN,2015-01-01,Kuningan,Pertumbuhan Merah,
KABUPATEN CIREBON,2015-01-01,Cirebon,Pertumbuhan Merah,
KABUPATEN MAJALENGKA,2015-01-01,Majalengka,Pertumbuhan Merah,
KABUPATEN SUMEDANG,2015-01-01,Sumedang,Pertumbuhan Merah,
KABUPATEN INDRAMAYU,2015-01-01,Indramayu,Pertumbuhan Merah,
KABUPATEN SUBANG,2015-01-01,Subang,Pertumbuhan Merah,
KABUPATEN PURWAKARTA,2015-01-01,Purwakarta,Pertumbuhan Merah,
KABUPATEN KARAWANG,2015-01-01,Karawang,Pertumbuhan Merah,
KABUPATEN BEKASI,2015-01-01,Bekasi,Pertumbuhan Merah,
KABUPATEN BANDUNG BARAT,2015-01-01,Bandung Barat,Pertumbuhan Merah,
KABUPATEN PANGANDARAN,2015-01-01,Pangandaran,Pertumbuhan Merah,
KOTA BOGOR,2015-01-01,Kota Bogor,Pertumbuhan Merah,
KOTA SUKABUMI,2015-01-01,Kota Sukabumi,Pertumbuhan Merah,
KOTA BANDUNG,2015-01-01,Kota Bandung,Pertumbuhan Merah,
KOTA CIREBON,2015-01-01,Kota Cirebon,Pertumbuhan Merah,
KOTA BEKASI,2015-01-01,Kota Bekasi,Pertumbuhan Merah,
KOTA DEPOK,2015-01-01,Kota Depok,Pertumbuhan Merah,
KOTA CIMAHI,2015-01-01,Kota Cimahi,Pertumbuhan Merah,
KOTA TASIKMALAYA,2015-01-01,Kota Tasikmalaya,Pertumbuhan Merah,
KOTA BANJAR,2015-01-01,Kota Banjar,Pertumbuhan Merah,
KABUPATEN BOGOR,2016-01-01,Bogor,Pertumbuhan Merah,
KABUPATEN SUKABUMI,2016-01-01,Sukabumi,Pertumbuhan Merah,
KABUPATEN CIANJUR,2016-01-01,Cianjur,Pertumbuhan Merah,
KABUPATEN BANDUNG,2016-01-01,Bandung,Pertumbuhan Merah,
KABUPATEN GARUT,2016-01-01,Garut,Pertumbuhan Merah,
KABUPATEN TASIKMALAYA,2016-01-01,Tasikmalaya,Pertumbuhan Merah,
KABUPATEN CIAMIS,2016-01-01,Ciamis,Pertumbuhan Merah,
KABUPATEN KUNINGAN,2016-01-01,Kuningan,Pertumbuhan Merah,
KABUPATEN CIREBON,2016-01-01,Cirebon,Pertumbuhan Merah,
KABUPATEN MAJALENGKA,2016-01-01,Majalengka,Pertumbuhan Merah,
KABUPATEN SUMEDANG,2016-01-01,Sumedang,Pertumbuhan Merah,
KABUPATEN INDRAMAYU,2016-01-01,Indramayu,Pertumbuhan Merah,
KABUPATEN SUBANG,2016-01-01,Subang,Pertumbuhan Merah,
KABUPATEN PURWAKARTA,2016-01-01,Purwakarta,Pertumbuhan Merah,
KABUPATEN KARAWANG,2016-01-01,Karawang,Pertumbuhan Merah,
KABUPATEN BEKASI,2016-01-01,Bekasi,Pertumbuhan Merah,
KABUPATEN BANDUNG BARAT,2016-01-01,Bandung Barat,Pertumbuhan Merah,
KABUPATEN PANGANDARAN,2016-01-01,Pangandaran,Pertumbuhan Merah,
KOTA BOGOR,2016-01-01,Kota Bogor,Pertumbuhan Merah,
KOTA SUKABUMI,2016-01-01,Kota Sukabumi,Pertumbuhan Merah,
KOTA BANDUNG,2016-01-01,Kota Bandung,Pertumbuhan Merah,
KOTA CIREBON,2016-01-01,Kota Cirebon,Pertumbuhan Merah,
KOTA BEKASI,2016-01-01,Kota Bekasi,Pertumbuhan Merah,
KOTA DEPOK,2016-01-01,Kota Depok,Pertumbuhan Merah,
KOTA CIMAHI,2016-01-01,Kota Cimahi,Pertumbuhan Merah,
KOTA TASIKMALAYA,2016-01-01,Kota Tasikmalaya,Pertumbuhan Merah,
KOTA BANJAR,2016-01-01,Kota Banjar,Pertumbuhan Merah,
KABUPATEN BOGOR,2017-01-01,Bogor,Pertumbuhan Merah,
KABUPATEN SUKABUMI,2017-01-01,Sukabumi,Pertumbuhan Merah,
KABUPATEN CIANJUR,2017-01-01,Cianjur,Pertumbuhan Merah,
KABUPATEN BANDUNG,2017-01-01,Bandung,Pertumbuhan Merah,
KABUPATEN GARUT,2017-01-01,Garut,Pertumbuhan Merah,
KABUPATEN TASIKMALAYA,2017-01-01,Tasikmalaya,Pertumbuhan Merah,
KABUPATEN CIAMIS,2017-01-01,Ciamis,Pertumbuhan Merah,
KABUPATEN KUNINGAN,2017-01-01,Kuningan,Pertumbuhan Merah,
KABUPATEN CIREBON,2017-01-01,Cirebon,Pertumbuhan Merah,
KABUPATEN MAJALENGKA,2017-01-01,Majalengka,Pertumbuhan Merah,
KABUPATEN SUMEDANG,2017-01-01,Sumedang,Pertumbuhan Merah,
KABUPATEN INDRAMAYU,2017-01-01,Indramayu,Pertumbuhan Merah,
KABUPATEN SUBANG,2017-01-01,Subang,Pertumbuhan Merah,
KABUPATEN PURWAKARTA,2017-01-01,Purwakarta,Pertumbuhan Merah,
KABUPATEN KARAWANG,2017-01-01,Karawang,Pertumbuhan Merah,
KABUPATEN BEKASI,2017-01-01,Bekasi,Pertumbuhan Merah,
KABUPATEN BANDUNG BARAT,2017-01-01,Bandung Barat,Pertumbuhan Merah,
KABUPATEN PANGANDARAN,2017-01-01,Pangandaran,Pertumbuhan Merah,
KOTA BOGOR,2017-01-01,Kota Bogor,Pertumbuhan Merah,
KOTA SUKABUMI,2017-01-01,Kota Sukabumi,Pertumbuhan Merah,
KOTA BANDUNG,2017-01-01,Kota Bandung,Pertumbuhan Merah,
KOTA CIREBON,2017-01-01,Kota Cirebon,Pertumbuhan Merah,
KOTA BEKASI,2017-01-01,Kota Bekasi,Pertumbuhan Merah,
KOTA DEPOK,2017-01-01,Kota Depok,Pertumbuhan Merah,
KOTA CIMAHI,2017-01-01,Kota Cimahi,Pertumbuhan Merah,
KOTA TASIKMALAYA,2017-01-01,Kota Tasikmalaya,Pertumbuhan Merah,
KOTA BANJAR,2017-01-01,Kota Banjar,Pertumbuhan Merah,
KABUPATEN BOGOR,2018-01-01,Bogor,Pertumbuhan Merah,
KABUPATEN SUKABUMI,2018-01-01,Sukabumi,Pertumbuhan Merah,
KABUPATEN CIANJUR,2018-01-01,Cianjur,Pertumbuhan Merah,
KABUPATEN BANDUNG,2018-01-01,Bandung,Pertumbuhan Merah,
KABUPATEN GARUT,2018-01-01,Garut,Pertumbuhan Merah,
KABUPATEN TASIKMALAYA,2018-01-01,Tasikmalaya,Pertumbuhan Merah,
KABUPATEN CIAMIS,2018-01-01,Ciamis,Pertumbuhan Merah,
KABUPATEN KUNINGAN,2018-01-01,Kuningan,Pertumbuhan Merah,
KABUPATEN CIREBON,2018-01-01,Cirebon,Pertumbuhan Merah,
KABUPATEN MAJALENGKA,2018-01-01,Majalengka,Pertumbuhan Merah,
KABUPATEN SUMEDANG,2018-01-01,Sumedang,Pertumbuhan Merah,
KABUPATEN INDRAMAYU,2018-01-01,Indramayu,Pertumbuhan Merah,
KABUPATEN SUBANG,2018-01-01,Subang,Pertumbuhan Merah,
KABUPATEN PURWAKARTA,2018-01-01,Purwakarta,Pertumbuhan Merah,
KABUPATEN KARAWANG,2018-01-01,Karawang,Pertumbuhan Merah,
KABUPATEN BEKASI,2018-01-01,Bekasi,Pertumbuhan Merah,
KABUPATEN BANDUNG BARAT,2018-01-01,Bandung Barat,Pertumbuhan Merah,
KABUPATEN PANGANDARAN,2018-01-01,Pangandaran,Pertumbuhan Merah,
KOTA BOGOR,2018-01-01,Kota Bogor,Pertumbuhan Merah,
KOTA SUKABUMI,2018-01-01,Kota Sukabumi,Pertumbuhan Merah,
KOTA BANDUNG,2018-01-01,Kota Bandung,Pertumbuhan Merah,
KOTA CIREBON,2018-01-01,Kota Cirebon,Pertumbuhan Merah,
KOTA BEKASI,2018-01-01,Kota Bekasi,Pertumbuhan Merah,
KOTA DEPOK,2018-01-01,Kota Depok,Pertumbuhan Merah,
KOTA CIMAHI,2018-01-01,Kota Cimahi,Pertumbuhan Merah,
KOTA TASIKMALAYA,2018-01-01,Kota Tasikmalaya,Pertumbuhan Merah,
KOTA BANJAR,2018-01-01,Kota Banjar,Pertumbuhan Merah,
KABUPATEN BOGOR,2019-01-01,Bogor,Pertumbuhan Merah,800.0
KABUPATEN SUKABUMI,2019-01-01,Sukabumi,Pertumbuhan Merah,1181.0
KABUPATEN CIANJUR,2019-01-01,Cianjur,Pertumbuhan Merah,834.0
KABUPATEN BANDUNG,2019-01-01,Bandung,Pertumbuhan Merah,1638.0
KABUPATEN GARUT,2019-01-01,Garut,Pertumbuhan Merah,877.0
KABUPATEN TASIKMALAYA,2019-01-01,Tasikmalaya,Pertumbuhan Merah,795.0
KABUPATEN CIAMIS,2019-01-01,Ciamis,Pertumbuhan Merah,650.0
KABUPATEN KUNINGAN,2019-01-01,Kuningan,Pertumbuhan Merah,1453.0
KABUPATEN CIREBON,2019-01-01,Cirebon,Pertumbuhan Merah,1370.0
KABUPATEN MAJALENGKA,2019-01-01,Majalengka,Pertumbuhan Merah,805.0
KABUPATEN SUMEDANG,2019-01-01,Sumedang,Pertumbuhan Merah,861.0
KABUPATEN INDRAMAYU,2019-01-01,Indramayu,Pertumbuhan Merah,638.0
KABUPATEN SUBANG,2019-01-01,Subang,Pertumbuhan Merah,1603.0
KABUPATEN PURWAKARTA,2019-01-01,Purwakarta,Pertumbuhan Merah,969.0
KABUPATEN KARAWANG,2019-01-01,Karawang,Pertumbuhan Merah,857.0
KABUPATEN BEKASI,2019-01-01,Bekasi,Pertumbuhan Merah,206.0
KABUPATEN BANDUNG BARAT,2019-01-01,Bandung Barat,Pertumbuhan Merah,740.0
KABUPATEN PANGANDARAN,2019-01-01,Pangandaran,Pertumbuhan Merah,129.0
KOTA BOGOR,2019-01-01,Kota Bogor,Pertumbuhan Merah,
KOTA SUKABUMI,2019-01-01,Kota Sukabumi,Pertumbuhan Merah,
KOTA BANDUNG,2019-01-01,Kota Bandung,Pertumbuhan Merah,
KOTA CIREBON,2019-01-01,Kota Cirebon,Pertumbuhan Merah,
KOTA BEKASI,2019-01-01,Kota Bekasi,Pertumbuhan Merah,
KOTA DEPOK,2019-01-01,Kota Depok,Pertumbuhan Merah,
KOTA CIMAHI,2019-01-01,Kota Cimahi,Pertumbuhan Merah,
KOTA TASIKMALAYA,2019-01-01,Kota Tasikmalaya,Pertumbuhan Merah,
KOTA BANJAR,2019-01-01,Kota Banjar,Pertumbuhan Merah,6.0
KABUPATEN BOGOR,2020-01-01,Bogor,Pertumbuhan Merah,733.0
KABUPATEN SUKABUMI,2020-01-01,Sukabumi,Pertumbuhan Merah,1198.0
KABUPATEN CIANJUR,2020-01-01,Cianjur,Pertumbuhan Merah,366.0
KABUPATEN BANDUNG,2020-01-01,Bandung,Pertumbuhan Merah,1091.0
KABUPATEN GARUT,2020-01-01,Garut,Pertumbuhan Merah,875.0
KABUPATEN TASIKMALAYA,2020-01-01,Tasikmalaya,Pertumbuhan Merah,1002.0
KABUPATEN CIAMIS,2020-01-01,Ciamis,Pertumbuhan Merah,498.0
KABUPATEN KUNINGAN,2020-01-01,Kuningan,Pertumbuhan Merah,332.0
KABUPATEN CIREBON,2020-01-01,Cirebon,Pertumbuhan Merah,964.0
KABUPATEN MAJALENGKA,2020-01-01,Majalengka,Pertumbuhan Merah,552.0
KABUPATEN SUMEDANG,2020-01-01,Sumedang,Pertumbuhan Merah,560.0
KABUPATEN INDRAMAYU,2020-01-01,Indramayu,Pertumbuhan Merah,181.0
KABUPATEN SUBANG,2020-01-01,Subang,Pertumbuhan Merah,1898.0
KABUPATEN PURWAKARTA,2020-01-01,Purwakarta,Pertumbuhan Merah,272.0
KABUPATEN KARAWANG,2020-01-01,Karawang,Pertumbuhan Merah,330.0
KABUPATEN BEKASI,2020-01-01,Bekasi,Pertumbuhan Merah,439.0
KABUPATEN BANDUNG BARAT,2020-01-01,Bandung Barat,Pertumbuhan Merah,195.0
KABUPATEN PANGANDARAN,2020-01-01,Pangandaran,Pertumbuhan Merah,126.0
KOTA BOGOR,2020-01-01,Kota Bogor,Pertumbuhan Merah,
KOTA SUKABUMI,2020-01-01,Kota Sukabumi,Pertumbuhan Merah,
KOTA BANDUNG,2020-01-01,Kota Bandung,Pertumbuhan Merah,
KOTA CIREBON,2020-01-01,Kota Cirebon,Pertumbuhan Merah,
KOTA BEKASI,2020-01-01,Kota Bekasi,Pertumbuhan Merah,
KOTA DEPOK,2020-01-01,Kota Depok,Pertumbuhan Merah,
KOTA CIMAHI,2020-01-01,Kota Cimahi,Pertumbuhan Merah,
KOTA TASIKMALAYA,2020-01-01,Kota Tasikmalaya,Pertumbuhan Merah,
KOTA BANJAR,2020-01-01,Kota Banjar,Pertumbuhan Merah,51.0
KABUPATEN BOGOR,2021-01-01,Bogor,Pertumbuhan Merah,806.0
KABUPATEN SUKABUMI,2021-01-01,Sukabumi,Pertumbuhan Merah,1293.0
KABUPATEN CIANJUR,2021-01-01,Cianjur,Pertumbuhan Merah,1074.0
KABUPATEN BANDUNG,2021-01-01,Bandung,Pertumbuhan Merah,1425.0
KABUPATEN GARUT,2021-01-01,Garut,Pertumbuhan Merah,639.0
KABUPATEN TASIKMALAYA,2021-01-01,Tasikmalaya,Pertumbuhan Merah,1210.0
KABUPATEN CIAMIS,2021-01-01,Ciamis,Pertumbuhan Merah,923.0
KABUPATEN KUNINGAN,2021-01-01,Kuningan,Pertumbuhan Merah,288.0
KABUPATEN CIREBON,2021-01-01,Cirebon,Pertumbuhan Merah,1296.0
KABUPATEN MAJALENGKA,2021-01-01,Majalengka,Pertumbuhan Merah,345.0
KABUPATEN SUMEDANG,2021-01-01,Sumedang,Pertumbuhan Merah,743.0
KABUPATEN INDRAMAYU,2021-01-01,Indramayu,Pertumbuhan Merah,235.0
KABUPATEN SUBANG,2021-01-01,Subang,Pertumbuhan Merah,817.0
KABUPATEN PURWAKARTA,2021-01-01,Purwakarta,Pertumbuhan Merah,490.0
KABUPATEN KARAWANG,2021-01-01,Karawang,Pertumbuhan Merah,286.0
KABUPATEN BEKASI,2021-01-01,Bekasi,Pertumbuhan Merah,629.0
KABUPATEN BANDUNG BARAT,2021-01-01,Bandung Barat,Pertumbuhan Merah,249.0
KABUPATEN PANGANDARAN,2021-01-01,Pangandaran,Pertumbuhan Merah,145.0
KOTA BOGOR,2021-01-01,Kota Bogor,Pertumbuhan Merah,
KOTA SUKABUMI,2021-01-01,Kota Sukabumi,Pertumbuhan Merah,
KOTA BANDUNG,2021-01-01,Kota Bandung,Pertumbuhan Merah,
KOTA CIREBON,2021-01-01,Kota Cirebon,Pertumbuhan Merah,
KOTA BEKASI,2021-01-01,Kota Bekasi,Pertumbuhan Merah,
KOTA DEPOK,2021-01-01,Kota Depok,Pertumbuhan Merah,
KOTA CIMAHI,2021-01-01,Kota Cimahi,Pertumbuhan Merah,
KOTA TASIKMALAYA,2021-01-01,Kota Tasikmalaya,Pertumbuhan Merah,
KOTA BANJAR ,2019-01-01,Kota Banjar,Pertumbuhan Merah,
KOTA BANJAR ,2020-01-01,Kota Banjar,Pertumbuhan Merah,
KOTA BANJAR,2021-01-01,Kota Banjar,Pertumbuhan Merah,83.0
