nama_kabupaten_kota,tahun,indeks_keparahan_kemiskinan,indeks_kedalaman_kemiskinan,persentase_penduduk_miskin,indeks_kesehatan,indeks_pembangunan_manusia,persentase_penduduk_mempunyai_keluhan_kesehatan,jumlah_ibu_hamil,jumlah_ibu_hamil_konseling_gizi,jumlah_ibu_hamil_dengan_akses_air_minum_aman,jumlah_ibu_hamil_dengan_akses_jamban_layak,jumlah_ibu_hamil_dengan_jaminan_kesehatan,jumlah_ibu_hamil_periksa_4_kali,jumlah_sasaran_konvergensi_ibu_hamil,jumlah_realisasi_konvergensi_ibu_hamil,jumlah_ibu_hamil_anemia,jumlah_ibu_hamil_mengalami_kek,jumlah_ibu_hamil_kek_dapat_kunjungan,kumulatif_kek,kumulatif_kunjungan_kek,jumlah_ibu_hamil_resti,jumlah_ibu_hamil_resti_kunjungan,kumulatif_resti,kumulatif_kunjungan_resti,jumlah_kejadian_kematian_ibu_saat_persalinan_x,persentase_persalinan_di_fasyankes,persentase_persalinan_ditolong_nakes,jumlah_kejadian_kematian_ibu_saat_persalinan_y,jumlah_desa_dengan_rumah_singgah,jumlah_desa_tanpa_rumah_singgah,jumlah_bayi_dapat_imunisasi_bcg,jumlah_bayi_dapat_imunisasi_dasar_lengkap,persentase_pemberian_asi_eksklusif,jumlah_bayi_bblr_2016_2021,jumlah_bayi_lahir_tanpa_bblr_2019,jumlah_bayi_bblr_2019,jumlah_kematian_bayi_bblr_2019,jumlah_bayi_lahir,jumlah_balita_gizi_kurang_2019,jumlah_balita_kurus_2019,jumlah_balita_pendek_2019,kasus_diare_terlayani,penemuan_kasus_pneumonia,kasus_pneumonia_berat,jumlah_kematian_kasus_pneumonia,jumlah_perkiraan_kasus_pneumonia,jumlah_kasus_difteri,jumlah_kasus_hepatitis_b,jumlah_kasus_pertusis,jumlah_kasus_suspek_campak,jumlah_kasus_tetanus_neonatarum,jumlah_anak_usia_0-23_bulan,jumlah_anak_0-23_terdaftar_jaminan_kesehatan,jumlah_anak_0-23_pertumbuhan_hijau,jumlah_anak_0-23_pertumbuhan_kuning,jumlah_anak_0-23_pertumbuhan_merah,jumlah_balita_gizi_kurang,jumlah_balita_stunting,persentase_balita_stunting,jumlah_kejadian_kematian_balita
KABUPATEN BOGOR,2010-01-01,,,,77.43,64.35,,,,,,,,,,,,,,,,,,,,,,,,,,,,,,,,,,,,,,,,,,,,,,,,,,,,,,
KABUPATEN SUKABUMI,2010-01-01,,,,76.1,60.69,,,,,,,,,,,,,,,,,,,,,,,,,,,,,,,,,,,,,,,,,,,,,,,,,,,,,,
KABUPATEN CIANJUR,2010-01-01,,,,75.02,58.58,,,,,,,,,,,,,,,,,,,,,,,,,,,,,,,,,,,,,,,,,,,,,,,,,,,,,,
KABUPATEN BANDUNG,2010-01-01,,,,81.44,67.28,,,,,,,,,,,,,,,,,,,,,,,,,,,,,,,,,,,,,,,,,,,,,,,,,,,,,,
KABUPATEN GARUT,2010-01-01,,,,77.44,60.23,,,,,,,,,,,,,,,,,,,,,,,,,,,,,,,,,,,,,,,,,,,,,,,,,,,,,,
KABUPATEN TASIKMALAYA,2010-01-01,,,,73.14,60.21,,,,,,,,,,,,,,,,,,,,,,,,,,,,,,,,,,,,,,,,,,,,,,,,,,,,,,
KABUPATEN CIAMIS,2010-01-01,,,,76.91,64.64,,,,,,,,,,,,,,,,,,,,,,,,,,,,,,,,,,,,,,,,,,,,,,,,,,,,,,
KABUPATEN KUNINGAN,2010-01-01,,,,80.06,64.4,,,,,,,,,,,,,,,,,,,,,,,,,,,,,,,,,,,,,,,,,,,,,,,,,,,,,,
KABUPATEN CIREBON,2010-01-01,,,,78.6,63.64,,,,,,,,,,,,,,,,,,,,,,,,,,,,,,,,,,,,,,,,,,,,,,,,,,,,,,
KABUPATEN MAJALENGKA,2010-01-01,,,,74.18,62.3,,,,,,,,,,,,,,,,,,,,,,,,,,,,,,,,,,,,,,,,,,,,,,,,,,,,,,
KABUPATEN SUMEDANG,2010-01-01,,,,79.5,66.04,,,,,,,,,,,,,,,,,,,,,,,,,,,,,,,,,,,,,,,,,,,,,,,,,,,,,,
KABUPATEN INDRAMAYU,2010-01-01,,,,76.91,60.86,,,,,,,,,,,,,,,,,,,,,,,,,,,,,,,,,,,,,,,,,,,,,,,,,,,,,,
KABUPATEN SUBANG,2010-01-01,,,,78.53,63.54,,,,,,,,,,,,,,,,,,,,,,,,,,,,,,,,,,,,,,,,,,,,,,,,,,,,,,
KABUPATEN PURWAKARTA,2010-01-01,,,,76.73,64.93,,,,,,,,,,,,,,,,,,,,,,,,,,,,,,,,,,,,,,,,,,,,,,,,,,,,,,
KABUPATEN KARAWANG,2010-01-01,,,,79.0,64.58,,,,,,,,,,,,,,,,,,,,,,,,,,,,,,,,,,,,,,,,,,,,,,,,,,,,,,
KABUPATEN BEKASI,2010-01-01,,,,81.43,67.58,,,,,,,,,,,,,,,,,,,,,,,,,,,,,,,,,,,,,,,,,,,,,,,,,,,,,,
KABUPATEN BANDUNG BARAT,2010-01-01,,,,79.23,61.34,,,,,,,,,,,,,,,,,,,,,,,,,,,,,,,,,,,,,,,,,,,,,,,,,,,,,,
KABUPATEN PANGANDARAN,2010-01-01,,,,0.0,0.0,,,,,,,,,,,,,,,,,,,,,,,,,,,,,,,,,,,,,,,,,,,,,,,,,,,,,,
KOTA BOGOR,2010-01-01,,,,80.83,71.25,,,,,,,,,,,,,,,,,,,,,,,,,,,,,,,,,,,,,,,,,,,,,,,,,,,,,,
KOTA SUKABUMI,2010-01-01,,,,79.46,67.94,,,,,,,,,,,,,,,,,,,,,,,,,,,,,,,,,,,,,,,,,,,,,,,,,,,,,,
KOTA BANDUNG,2010-01-01,,,,82.64,77.49,,,,,,,,,,,,,,,,,,,,,,,,,,,,,,,,,,,,,,,,,,,,,,,,,,,,,,
KOTA CIREBON,2010-01-01,,,,79.41,70.74,,,,,,,,,,,,,,,,,,,,,,,,,,,,,,,,,,,,,,,,,,,,,,,,,,,,,,
KOTA BEKASI,2010-01-01,,,,83.27,76.77,,,,,,,,,,,,,,,,,,,,,,,,,,,,,,,,,,,,,,,,,,,,,,,,,,,,,,
KOTA DEPOK,2010-01-01,,,,82.82,76.66,,,,,,,,,,,,,,,,,,,,,,,,,,,,,,,,,,,,,,,,,,,,,,,,,,,,,,
KOTA CIMAHI,2010-01-01,,,,82.35,73.76,,,,,,,,,,,,,,,,,,,,,,,,,,,,,,,,,,,,,,,,,,,,,,,,,,,,,,
KOTA TASIKMALAYA,2010-01-01,,,,78.05,66.58,,,,,,,,,,,,,,,,,,,,,,,,,,,,,,,,,,,,,,,,,,,,,,,,,,,,,,
KOTA BANJAR,2010-01-01,,,,76.82,66.81,,,,,,,,,,,,,,,,,,,,,,,,,,,,,,,,,,,,,,,,,,,,,,,,,,,,,,
KABUPATEN BOGOR,2011-01-01,,,,77.52,64.78,,,,,,,,,,,,,,,,,,,,,,,,,,,,,,,,,,,,,,,,,,,,,,,,,,,,,,
KABUPATEN SUKABUMI,2011-01-01,,,,76.22,61.14,,,,,,,,,,,,,,,,,,,,,,,,,,,,,,,,,,,,,,,,,,,,,,,,,,,,,,
KABUPATEN CIANJUR,2011-01-01,,,,75.17,59.38,,,,,,,,,,,,,,,,,,,,,,,,,,,,,,,,,,,,,,,,,,,,,,,,,,,,,,
KABUPATEN BANDUNG,2011-01-01,,,,81.45,67.78,,,,,,,,,,,,,,,,,,,,,,,,,,,,,,,,,,,,,,,,,,,,,,,,,,,,,,
KABUPATEN GARUT,2011-01-01,,,,77.52,60.55,,,,,,,,,,,,,,,,,,,,,,,,,,,,,,,,,,,,,,,,,,,,,,,,,,,,,,
KABUPATEN TASIKMALAYA,2011-01-01,,,,73.34,61.05,,,,,,,,,,,,,,,,,,,,,,,,,,,,,,,,,,,,,,,,,,,,,,,,,,,,,,
KABUPATEN CIAMIS,2011-01-01,,,,77.06,65.48,,,,,,,,,,,,,,,,,,,,,,,,,,,,,,,,,,,,,,,,,,,,,,,,,,,,,,
KABUPATEN KUNINGAN,2011-01-01,,,,80.16,65.04,,,,,,,,,,,,,,,,,,,,,,,,,,,,,,,,,,,,,,,,,,,,,,,,,,,,,,
KABUPATEN CIREBON,2011-01-01,,,,78.69,64.17,,,,,,,,,,,,,,,,,,,,,,,,,,,,,,,,,,,,,,,,,,,,,,,,,,,,,,
KABUPATEN MAJALENGKA,2011-01-01,,,,74.38,62.67,,,,,,,,,,,,,,,,,,,,,,,,,,,,,,,,,,,,,,,,,,,,,,,,,,,,,,
KABUPATEN SUMEDANG,2011-01-01,,,,79.59,66.16,,,,,,,,,,,,,,,,,,,,,,,,,,,,,,,,,,,,,,,,,,,,,,,,,,,,,,
KABUPATEN INDRAMAYU,2011-01-01,,,,77.05,61.47,,,,,,,,,,,,,,,,,,,,,,,,,,,,,,,,,,,,,,,,,,,,,,,,,,,,,,
KABUPATEN SUBANG,2011-01-01,,,,78.6,64.21,,,,,,,,,,,,,,,,,,,,,,,,,,,,,,,,,,,,,,,,,,,,,,,,,,,,,,
KABUPATEN PURWAKARTA,2011-01-01,,,,76.77,65.51,,,,,,,,,,,,,,,,,,,,,,,,,,,,,,,,,,,,,,,,,,,,,,,,,,,,,,
KABUPATEN KARAWANG,2011-01-01,,,,79.04,65.21,,,,,,,,,,,,,,,,,,,,,,,,,,,,,,,,,,,,,,,,,,,,,,,,,,,,,,
KABUPATEN BEKASI,2011-01-01,,,,81.54,68.66,,,,,,,,,,,,,,,,,,,,,,,,,,,,,,,,,,,,,,,,,,,,,,,,,,,,,,
KABUPATEN BANDUNG BARAT,2011-01-01,,,,79.27,62.36,,,,,,,,,,,,,,,,,,,,,,,,,,,,,,,,,,,,,,,,,,,,,,,,,,,,,,
KABUPATEN PANGANDARAN,2011-01-01,,,,0.0,0.0,,,,,,,,,,,,,,,,,,,,,,,,,,,,,,,,,,,,,,,,,,,,,,,,,,,,,,
KOTA BOGOR,2011-01-01,,,,80.84,71.72,,,,,,,,,,,,,,,,,,,,,,,,,,,,,,,,,,,,,,,,,,,,,,,,,,,,,,
KOTA SUKABUMI,2011-01-01,,,,79.52,68.67,,,,,,,,,,,,,,,,,,,,,,,,,,,,,,,,,,,,,,,,,,,,,,,,,,,,,,
KOTA BANDUNG,2011-01-01,,,,82.67,78.13,,,,,,,,,,,,,,,,,,,,,,,,,,,,,,,,,,,,,,,,,,,,,,,,,,,,,,
KOTA CIREBON,2011-01-01,,,,79.47,71.49,,,,,,,,,,,,,,,,,,,,,,,,,,,,,,,,,,,,,,,,,,,,,,,,,,,,,,
KOTA BEKASI,2011-01-01,,,,83.28,77.48,,,,,,,,,,,,,,,,,,,,,,,,,,,,,,,,,,,,,,,,,,,,,,,,,,,,,,
KOTA DEPOK,2011-01-01,,,,82.88,76.96,,,,,,,,,,,,,,,,,,,,,,,,,,,,,,,,,,,,,,,,,,,,,,,,,,,,,,
KOTA CIMAHI,2011-01-01,,,,82.37,74.41,,,,,,,,,,,,,,,,,,,,,,,,,,,,,,,,,,,,,,,,,,,,,,,,,,,,,,
KOTA TASIKMALAYA,2011-01-01,,,,78.18,67.18,,,,,,,,,,,,,,,,,,,,,,,,,,,,,,,,,,,,,,,,,,,,,,,,,,,,,,
KOTA BANJAR,2011-01-01,,,,76.97,67.15,,,,,,,,,,,,,,,,,,,,,,,,,,,,,,,,,,,,,,,,,,,,,,,,,,,,,,
KABUPATEN BOGOR,2012-01-01,,,,77.58,65.66,,,,,,,,,,,,,,,,,,,,,,,,,,,,,,,,,,,,,,,,,,,,,,,,,,,,,,
KABUPATEN SUKABUMI,2012-01-01,,,,76.35,62.27,,,,,,,,,,,,,,,,,,,,,,,,,,,,,,,,,,,,,,,,,,,,,,,,,,,,,,
KABUPATEN CIANJUR,2012-01-01,,,,75.33,60.28,,,,,,,,,,,,,,,,,,,,,,,,,,,,,,,,,,,,,,,,,,,,,,,,,,,,,,
KABUPATEN BANDUNG,2012-01-01,,,,81.47,68.13,,,,,,,,,,,,,,,,,,,,,,,,,,,,,,,,,,,,,,,,,,,,,,,,,,,,,,
KABUPATEN GARUT,2012-01-01,,,,77.58,61.04,,,,,,,,,,,,,,,,,,,,,,,,,,,,,,,,,,,,,,,,,,,,,,,,,,,,,,
KABUPATEN TASIKMALAYA,2012-01-01,,,,73.53,61.69,,,,,,,,,,,,,,,,,,,,,,,,,,,,,,,,,,,,,,,,,,,,,,,,,,,,,,
KABUPATEN CIAMIS,2012-01-01,,,,77.22,66.29,,,,,,,,,,,,,,,,,,,,,,,,,,,,,,,,,,,,,,,,,,,,,,,,,,,,,,
KABUPATEN KUNINGAN,2012-01-01,,,,80.23,65.6,,,,,,,,,,,,,,,,,,,,,,,,,,,,,,,,,,,,,,,,,,,,,,,,,,,,,,
KABUPATEN CIREBON,2012-01-01,,,,78.77,64.48,,,,,,,,,,,,,,,,,,,,,,,,,,,,,,,,,,,,,,,,,,,,,,,,,,,,,,
KABUPATEN MAJALENGKA,2012-01-01,,,,74.58,63.13,,,,,,,,,,,,,,,,,,,,,,,,,,,,,,,,,,,,,,,,,,,,,,,,,,,,,,
KABUPATEN SUMEDANG,2012-01-01,,,,79.68,67.36,,,,,,,,,,,,,,,,,,,,,,,,,,,,,,,,,,,,,,,,,,,,,,,,,,,,,,
KABUPATEN INDRAMAYU,2012-01-01,,,,77.19,62.09,,,,,,,,,,,,,,,,,,,,,,,,,,,,,,,,,,,,,,,,,,,,,,,,,,,,,,
KABUPATEN SUBANG,2012-01-01,,,,78.68,64.86,,,,,,,,,,,,,,,,,,,,,,,,,,,,,,,,,,,,,,,,,,,,,,,,,,,,,,
KABUPATEN PURWAKARTA,2012-01-01,,,,76.82,66.3,,,,,,,,,,,,,,,,,,,,,,,,,,,,,,,,,,,,,,,,,,,,,,,,,,,,,,
KABUPATEN KARAWANG,2012-01-01,,,,79.09,65.97,,,,,,,,,,,,,,,,,,,,,,,,,,,,,,,,,,,,,,,,,,,,,,,,,,,,,,
KABUPATEN BEKASI,2012-01-01,,,,81.65,69.38,,,,,,,,,,,,,,,,,,,,,,,,,,,,,,,,,,,,,,,,,,,,,,,,,,,,,,
KABUPATEN BANDUNG BARAT,2012-01-01,,,,79.3,63.17,,,,,,,,,,,,,,,,,,,,,,,,,,,,,,,,,,,,,,,,,,,,,,,,,,,,,,
KABUPATEN PANGANDARAN,2012-01-01,,,,0.0,0.0,,,,,,,,,,,,,,,,,,,,,,,,,,,,,,,,,,,,,,,,,,,,,,,,,,,,,,
KOTA BOGOR,2012-01-01,,,,80.86,72.25,,,,,,,,,,,,,,,,,,,,,,,,,,,,,,,,,,,,,,,,,,,,,,,,,,,,,,
KOTA SUKABUMI,2012-01-01,,,,79.56,69.74,,,,,,,,,,,,,,,,,,,,,,,,,,,,,,,,,,,,,,,,,,,,,,,,,,,,,,
KOTA BANDUNG,2012-01-01,,,,82.72,78.3,,,,,,,,,,,,,,,,,,,,,,,,,,,,,,,,,,,,,,,,,,,,,,,,,,,,,,
KOTA CIREBON,2012-01-01,,,,79.53,71.97,,,,,,,,,,,,,,,,,,,,,,,,,,,,,,,,,,,,,,,,,,,,,,,,,,,,,,
KOTA BEKASI,2012-01-01,,,,83.31,77.71,,,,,,,,,,,,,,,,,,,,,,,,,,,,,,,,,,,,,,,,,,,,,,,,,,,,,,
KOTA DEPOK,2012-01-01,,,,82.93,77.28,,,,,,,,,,,,,,,,,,,,,,,,,,,,,,,,,,,,,,,,,,,,,,,,,,,,,,
KOTA CIMAHI,2012-01-01,,,,82.38,74.99,,,,,,,,,,,,,,,,,,,,,,,,,,,,,,,,,,,,,,,,,,,,,,,,,,,,,,
KOTA TASIKMALAYA,2012-01-01,,,,78.27,67.84,,,,,,,,,,,,,,,,,,,,,,,,,,,,,,,,,,,,,,,,,,,,,,,,,,,,,,
KOTA BANJAR,2012-01-01,,,,77.11,67.53,,,,,,,,,,,,,,,,,,,,,,,,,,,,,,,,,,,,,,,,,,,,,,,,,,,,,,
KABUPATEN BOGOR,2013-01-01,,,,77.64,66.74,,,,,,,,,,,,,,,,,,,,,,,,,,,,,,,,,,,,,,,,,,,,,,,,,,,,,,
KABUPATEN SUKABUMI,2013-01-01,,,,76.46,63.63,,,,,,,,,,,,,,,,,,,,,,,,,,,,,,,,,,,,,,,,,,,,,,,,,,,,,,
KABUPATEN CIANJUR,2013-01-01,,,,75.45,61.68,,,,,,,,,,,,,,,,,,,,,,,,,,,,,,,,,,,,,,,,,,,,,,,,,,,,,,
KABUPATEN BANDUNG,2013-01-01,,,,81.48,68.58,,,,,,,,,,,,,,,,,,,,,,,,,,,,,,,,,,,,,,,,,,,,,,,,,,,,,,
KABUPATEN GARUT,2013-01-01,,,,77.64,61.67,,,,,,,,,,,,,,,,,,,,,,,,,,,,,,,,,,,,,,,,,,,,,,,,,,,,,,
KABUPATEN TASIKMALAYA,2013-01-01,,,,73.7,62.4,,,,,,,,,,,,,,,,,,,,,,,,,,,,,,,,,,,,,,,,,,,,,,,,,,,,,,
KABUPATEN CIAMIS,2013-01-01,,,,77.37,67.2,,,,,,,,,,,,,,,,,,,,,,,,,,,,,,,,,,,,,,,,,,,,,,,,,,,,,,
KABUPATEN KUNINGAN,2013-01-01,,,,80.33,66.16,,,,,,,,,,,,,,,,,,,,,,,,,,,,,,,,,,,,,,,,,,,,,,,,,,,,,,
KABUPATEN CIREBON,2013-01-01,,,,78.85,65.06,,,,,,,,,,,,,,,,,,,,,,,,,,,,,,,,,,,,,,,,,,,,,,,,,,,,,,
KABUPATEN MAJALENGKA,2013-01-01,,,,74.76,63.71,,,,,,,,,,,,,,,,,,,,,,,,,,,,,,,,,,,,,,,,,,,,,,,,,,,,,,
KABUPATEN SUMEDANG,2013-01-01,,,,79.78,68.47,,,,,,,,,,,,,,,,,,,,,,,,,,,,,,,,,,,,,,,,,,,,,,,,,,,,,,
KABUPATEN INDRAMAYU,2013-01-01,,,,77.31,62.98,,,,,,,,,,,,,,,,,,,,,,,,,,,,,,,,,,,,,,,,,,,,,,,,,,,,,,
KABUPATEN SUBANG,2013-01-01,,,,78.76,65.48,,,,,,,,,,,,,,,,,,,,,,,,,,,,,,,,,,,,,,,,,,,,,,,,,,,,,,
KABUPATEN PURWAKARTA,2013-01-01,,,,76.85,67.09,,,,,,,,,,,,,,,,,,,,,,,,,,,,,,,,,,,,,,,,,,,,,,,,,,,,,,
KABUPATEN KARAWANG,2013-01-01,,,,79.14,66.61,,,,,,,,,,,,,,,,,,,,,,,,,,,,,,,,,,,,,,,,,,,,,,,,,,,,,,
KABUPATEN BEKASI,2013-01-01,,,,81.74,70.09,,,,,,,,,,,,,,,,,,,,,,,,,,,,,,,,,,,,,,,,,,,,,,,,,,,,,,
KABUPATEN BANDUNG BARAT,2013-01-01,,,,79.32,63.93,,,,,,,,,,,,,,,,,,,,,,,,,,,,,,,,,,,,,,,,,,,,,,,,,,,,,,
KABUPATEN PANGANDARAN,2013-01-01,,,,76.61,64.73,,,,,,,,,,,,,,,,,,,,,,,,,,,,,,,,,,,,,,,,,,,,,,,,,,,,,,
KOTA BOGOR,2013-01-01,,,,80.87,72.86,,,,,,,,,,,,,,,,,,,,,,,,,,,,,,,,,,,,,,,,,,,,,,,,,,,,,,
KOTA SUKABUMI,2013-01-01,,,,79.61,70.81,,,,,,,,,,,,,,,,,,,,,,,,,,,,,,,,,,,,,,,,,,,,,,,,,,,,,,
KOTA BANDUNG,2013-01-01,,,,82.75,78.55,,,,,,,,,,,,,,,,,,,,,,,,,,,,,,,,,,,,,,,,,,,,,,,,,,,,,,
KOTA CIREBON,2013-01-01,,,,79.61,72.27,,,,,,,,,,,,,,,,,,,,,,,,,,,,,,,,,,,,,,,,,,,,,,,,,,,,,,
KOTA BEKASI,2013-01-01,,,,83.34,78.63,,,,,,,,,,,,,,,,,,,,,,,,,,,,,,,,,,,,,,,,,,,,,,,,,,,,,,
KOTA DEPOK,2013-01-01,,,,82.99,78.27,,,,,,,,,,,,,,,,,,,,,,,,,,,,,,,,,,,,,,,,,,,,,,,,,,,,,,
KOTA CIMAHI,2013-01-01,,,,82.4,75.85,,,,,,,,,,,,,,,,,,,,,,,,,,,,,,,,,,,,,,,,,,,,,,,,,,,,,,
KOTA TASIKMALAYA,2013-01-01,,,,78.36,68.63,,,,,,,,,,,,,,,,,,,,,,,,,,,,,,,,,,,,,,,,,,,,,,,,,,,,,,
KOTA BANJAR,2013-01-01,,,,77.23,68.01,,,,,,,,,,,,,,,,,,,,,,,,,,,,,,,,,,,,,,,,,,,,,,,,,,,,,,
KABUPATEN BOGOR,2014-01-01,,,,77.67,67.36,,,,,,,,,,,,,,,,,,,,,,,,,,,,,,,,,,,,,,,,,,,,,,,,,,,,40314.0,0.0904,
KABUPATEN SUKABUMI,2014-01-01,,,,76.51,64.07,,,,,,,,,,,,,,,,,,,,,,,,,,,,,,,,,,,,,,,,,,,,,,,,,,,,25332.0,0.1221,
KABUPATEN CIANJUR,2014-01-01,,,,75.51,62.08,,,,,,,,,,,,,,,,,,,,,,,,,,,,,,,,,,,,,,,,,,,,,,,,,,,,26687.0,0.1433,
KABUPATEN BANDUNG,2014-01-01,,,,81.5,69.06,,,,,,,,,,,,,,,,,,,,,,,,,,,,,,,,,,,,,,,,,,,,,,,,,,,,46412.0,0.1714,
KABUPATEN GARUT,2014-01-01,,,,77.67,62.23,,,,,,,,,,,,,,,,,,,,,,,,,,,,,,,,,,,,,,,,,,,,,,,,,,,,14609.0,0.0712,
KABUPATEN TASIKMALAYA,2014-01-01,,,,73.78,62.79,,,,,,,,,,,,,,,,,,,,,,,,,,,,,,,,,,,,,,,,,,,,,,,,,,,,28481.0,0.238,
KABUPATEN CIAMIS,2014-01-01,,,,77.45,67.64,,,,,,,,,,,,,,,,,,,,,,,,,,,,,,,,,,,,,,,,,,,,,,,,,,,,2929.0,0.0512,
KABUPATEN KUNINGAN,2014-01-01,,,,80.37,66.63,,,,,,,,,,,,,,,,,,,,,,,,,,,,,,,,,,,,,,,,,,,,,,,,,,,,6551.0,0.07519999999999999,
KABUPATEN CIREBON,2014-01-01,,,,78.89,65.53,,,,,,,,,,,,,,,,,,,,,,,,,,,,,,,,,,,,,,,,,,,,,,,,,,,,22805.0,0.1294,
KABUPATEN MAJALENGKA,2014-01-01,,,,74.86,64.07,,,,,,,,,,,,,,,,,,,,,,,,,,,,,,,,,,,,,,,,,,,,,,,,,,,,9396.0,0.1043,
KABUPATEN SUMEDANG,2014-01-01,,,,79.82,68.76,,,,,,,,,,,,,,,,,,,,,,,,,,,,,,,,,,,,,,,,,,,,,,,,,,,,0.0,0.0,
KABUPATEN INDRAMAYU,2014-01-01,,,,77.37,63.55,,,,,,,,,,,,,,,,,,,,,,,,,,,,,,,,,,,,,,,,,,,,,,,,,,,,0.0,0.0,
KABUPATEN SUBANG,2014-01-01,,,,78.79,65.8,,,,,,,,,,,,,,,,,,,,,,,,,,,,,,,,,,,,,,,,,,,,,,,,,,,,4152.0,0.0355,
KABUPATEN PURWAKARTA,2014-01-01,,,,76.87,67.32,,,,,,,,,,,,,,,,,,,,,,,,,,,,,,,,,,,,,,,,,,,,,,,,,,,,6091.0,0.08,
KABUPATEN KARAWANG,2014-01-01,,,,79.16,67.08,,,,,,,,,,,,,,,,,,,,,,,,,,,,,,,,,,,,,,,,,,,,,,,,,,,,23912.0,0.1379,
KABUPATEN BEKASI,2014-01-01,,,,81.79,70.51,,,,,,,,,,,,,,,,,,,,,,,,,,,,,,,,,,,,,,,,,,,,,,,,,,,,23473.0,0.102,
KABUPATEN BANDUNG BARAT,2014-01-01,,,,79.33,64.27,,,,,,,,,,,,,,,,,,,,,,,,,,,,,,,,,,,,,,,,,,,,,,,,,,,,20233.0,0.1636,
KABUPATEN PANGANDARAN,2014-01-01,,,,76.68,65.29,,,,,,,,,,,,,,,,,,,,,,,,,,,,,,,,,,,,,,,,,,,,,,,,,,,,6055.0,0.07629999999999999,
KOTA BOGOR,2014-01-01,,,,80.89,73.1,,,,,,,,,,,,,,,,,,,,,,,,,,,,,,,,,,,,,,,,,,,,,,,,,,,,2601.0,0.1178,
KOTA SUKABUMI,2014-01-01,,,,79.63,71.19,,,,,,,,,,,,,,,,,,,,,,,,,,,,,,,,,,,,,,,,,,,,,,,,,,,,11761.0,0.0868,
KOTA BANDUNG,2014-01-01,,,,82.76,78.98,,,,,,,,,,,,,,,,,,,,,,,,,,,,,,,,,,,,,,,,,,,,,,,,,,,,2466.0,0.1134,
KOTA CIREBON,2014-01-01,,,,79.65,72.93,,,,,,,,,,,,,,,,,,,,,,,,,,,,,,,,,,,,,,,,,,,,,,,,,,,,22993.0,0.1363,
KOTA BEKASI,2014-01-01,,,,83.36,78.84,,,,,,,,,,,,,,,,,,,,,,,,,,,,,,,,,,,,,,,,,,,,,,,,,,,,10106.0,0.0843,
KOTA DEPOK,2014-01-01,,,,83.02,78.58,,,,,,,,,,,,,,,,,,,,,,,,,,,,,,,,,,,,,,,,,,,,,,,,,,,,6199.0,0.1747,
KOTA CIMAHI,2014-01-01,,,,82.41,76.06,,,,,,,,,,,,,,,,,,,,,,,,,,,,,,,,,,,,,,,,,,,,,,,,,,,,6859.0,0.1319,
KOTA TASIKMALAYA,2014-01-01,,,,78.41,69.04,,,,,,,,,,,,,,,,,,,,,,,,,,,,,,,,,,,,,,,,,,,,,,,,,,,,912.0,0.0678,
KOTA BANJAR,2014-01-01,,,,77.29,68.34,,,,,,,,,,,,,,,,,,,,,,,,,,,,,,,,,,,,,,,,,,,,,,,,,,,,660.0,0.0317,
KABUPATEN BOGOR,2015-01-01,,,,77.83,67.77,0.3592,,,,,,,,,7521.0,,,,,,,,,,,,,,,,,,,,,,,,,,,,,,,,,,,,,,,,,,33721.0,0.0738,
KABUPATEN SUKABUMI,2015-01-01,,,,76.97,64.44,0.3072,,,,,,,,,3379.0,,,,,,,,,,,,,,,,,,,,,,,,,,,,,,,,,,,,,,,,,,20488.0,0.0972,
KABUPATEN CIANJUR,2015-01-01,,,,75.82,62.42,0.2752,,,,,,,,,623.0,,,,,,,,,,,,,,,,,,,,,,,,,,,,,,,,,,,,,,,,,,26582.0,0.1494,
KABUPATEN BANDUNG,2015-01-01,,,,81.65,70.05,0.2361,,,,,,,,,150.0,,,,,,,,,,,,,,,,,,,,,,,,,,,,,,,,,,,,,,,,,,16357.0,0.0834,
KABUPATEN GARUT,2015-01-01,,,,77.98,63.21,0.3423,,,,,,,,,2280.0,,,,,,,,,,,,,,,,,,,,,,,,,,,,,,,,,,,,,,,,,,16624.0,0.0767,
KABUPATEN TASIKMALAYA,2015-01-01,,,,74.4,63.17,0.2762,,,,,,,,,3125.0,,,,,,,,,,,,,,,,,,,,,,,,,,,,,,,,,,,,,,,,,,18697.0,0.1675,
KABUPATEN CIAMIS,2015-01-01,,,,78.06,68.02,0.2541,,,,,,,,,1724.0,,,,,,,,,,,,,,,,,,,,,,,,,,,,,,,,,,,,,,,,,,2236.0,0.0283,
KABUPATEN KUNINGAN,2015-01-01,,,,80.99,67.19,0.3367,,,,,,,,,3679.0,,,,,,,,,,,,,,,,,,,,,,,,,,,,,,,,,,,,,,,,,,3976.0,0.0787,
KABUPATEN CIREBON,2015-01-01,,,,79.04,66.07,0.2659,,,,,,,,,5691.0,,,,,,,,,,,,,,,,,,,,,,,,,,,,,,,,,,,,,,,,,,22667.0,0.12560000000000002,
KABUPATEN MAJALENGKA,2015-01-01,,,,75.47,64.75,0.3646,,,,,,,,,1494.0,,,,,,,,,,,,,,,,,,,,,,,,,,,,,,,,,,,,,,,,,,5785.0,0.0633,
KABUPATEN SUMEDANG,2015-01-01,,,,79.86,69.29,0.3283,,,,,,,,,1453.0,,,,,,,,,,,,,,,,,,,,,,,,,,,,,,,,,,,,,,,,,,2164.0,0.1527,
KABUPATEN INDRAMAYU,2015-01-01,,,,77.83,64.36,0.1934,,,,,,,,,6359.0,,,,,,,,,,,,,,,,,,,,,,,,,,,,,,,,,,,,,,,,,,17049.0,0.2144,
KABUPATEN SUBANG,2015-01-01,,,,79.26,66.52,0.3136,,,,,,,,,2107.0,,,,,,,,,,,,,,,,,,,,,,,,,,,,,,,,,,,,,,,,,,3005.0,0.0256,
KABUPATEN PURWAKARTA,2015-01-01,,,,77.33,67.84,0.4629,,,,,,,,,3212.0,,,,,,,,,,,,,,,,,,,,,,,,,,,,,,,,,,,,,,,,,,7820.0,0.1018,
KABUPATEN KARAWANG,2015-01-01,,,,79.31,67.66,0.2217,,,,,,,,,2703.0,,,,,,,,,,,,,,,,,,,,,,,,,,,,,,,,,,,,,,,,,,24795.0,0.1409,
KABUPATEN BEKASI,2015-01-01,,,,81.82,71.19,0.2165,,,,,,,,,581.0,,,,,,,,,,,,,,,,,,,,,,,,,,,,,,,,,,,,,,,,,,20699.0,0.08929999999999999,
KABUPATEN BANDUNG BARAT,2015-01-01,,,,79.64,65.23,0.1805,,,,,,,,,739.0,,,,,,,,,,,,,,,,,,,,,,,,,,,,,,,,,,,,,,,,,,14809.0,0.1156,
KABUPATEN PANGANDARAN,2015-01-01,,,,77.3,65.62,0.3482,,,,,,,,,616.0,,,,,,,,,,,,,,,,,,,,,,,,,,,,,,,,,,,,,,,,,,7030.0,0.0861,
KOTA BOGOR,2015-01-01,,,,81.35,73.65,0.2699,,,,,,,,,1872.0,,,,,,,,,,,,,,,,,,,,,,,,,,,,,,,,,,,,,,,,,,1975.0,0.1037,
KOTA SUKABUMI,2015-01-01,,,,79.79,71.84,0.2782,,,,,,,,,393.0,,,,,,,,,,,,,,,,,,,,,,,,,,,,,,,,,,,,,,,,,,12142.0,0.08960000000000001,
KOTA BANDUNG,2015-01-01,,,,82.79,79.67,0.2974,,,,,,,,,763.0,,,,,,,,,,,,,,,,,,,,,,,,,,,,,,,,,,,,,,,,,,2778.0,0.1283,
KOTA CIREBON,2015-01-01,,,,79.68,73.34,0.2609,,,,,,,,,584.0,,,,,,,,,,,,,,,,,,,,,,,,,,,,,,,,,,,,,,,,,,18145.0,0.1164,
KOTA BEKASI,2015-01-01,,,,83.82,79.63,0.2104,,,,,,,,,549.0,,,,,,,,,,,,,,,,,,,,,,,,,,,,,,,,,,,,,,,,,,8952.0,0.0739,
KOTA DEPOK,2015-01-01,,,,83.05,79.11,0.2656,,,,,,,,,1075.0,,,,,,,,,,,,,,,,,,,,,,,,,,,,,,,,,,,,,,,,,,6298.0,0.17350000000000002,
KOTA CIMAHI,2015-01-01,,,,82.44,76.42,0.2521,,,,,,,,,157.0,,,,,,,,,,,,,,,,,,,,,,,,,,,,,,,,,,,,,,,,,,7769.0,0.15810000000000002,
KOTA TASIKMALAYA,2015-01-01,,,,78.87,69.99,0.3019,,,,,,,,,570.0,,,,,,,,,,,,,,,,,,,,,,,,,,,,,,,,,,,,,,,,,,908.0,0.0677,
KOTA BANJAR,2015-01-01,,,,77.32,69.31,0.2932,,,,,,,,,33.0,,,,,,,,,,,,,,,,,,,,,,,,,,,,,,,,,,,,,,,,,,1194.0,0.0456,
KABUPATEN BOGOR,2016-01-01,,,,77.92,68.32,0.3028,126474.0,,,,,,,,6594.0,,,,,,,,,,,,,,,,,,1381.0,,,,124780.0,,,,,,,,,,,,,,,,,,,,32035.0,0.0687,
KABUPATEN SUKABUMI,2016-01-01,,,,77.14,65.13,0.2757,51056.0,,,,,,,,4871.0,,,,,,,,,,,,,,,,,,2202.0,,,,46656.0,,,,,,,,,,,,,,,,,,,,28376.0,0.1342,
KABUPATEN CIANJUR,2016-01-01,,,,75.98,62.92,0.2775,46284.0,,,,,,,,1261.0,,,,,,,,,,,,,,,,,,1458.0,,,,41472.0,,,,,,,,,,,,,,,,,,,,26666.0,0.1342,
KABUPATEN BANDUNG,2016-01-01,,,,81.69,70.69,0.25730000000000003,79912.0,,,,,,,,2296.0,,,,,,,,,,,,,,,,,,417.0,,,,62766.0,,,,,,,,,,,,,,,,,,,,20391.0,0.07519999999999999,
KABUPATEN GARUT,2016-01-01,,,,78.09,63.64,0.2914,62514.0,,,,,,,,3855.0,,,,,,,,,,,,,,,,,,1307.0,,,,56177.0,,,,,,,,,,,,,,,,,,,,15305.0,0.0681,
KABUPATEN TASIKMALAYA,2016-01-01,,,,74.68,63.57,0.2554,33470.0,,,,,,,,3253.0,,,,,,,,,,,,,,,,,,943.0,,,,30986.0,,,,,,,,,,,,,,,,,,,,17563.0,0.1575,
KABUPATEN CIAMIS,2016-01-01,,,,78.31,68.45,0.3034,20383.0,,,,,,,,3424.0,,,,,,,,,,,,,,,,,,877.0,,,,18430.0,,,,,,,,,,,,,,,,,,,,4092.0,0.104,
KABUPATEN KUNINGAN,2016-01-01,,,,81.17,67.51,0.2955,20156.0,,,,,,,,5611.0,,,,,,,,,,,,,,,,,,1141.0,,,,19893.0,,,,,,,,,,,,,,,,,,,,7205.0,0.0834,
KABUPATEN CIREBON,2016-01-01,,,,79.12,66.7,0.3506,53689.0,,,,,,,,5960.0,,,,,,,,,,,,,,,,,,1322.0,,,,47016.0,,,,,,,,,,,,,,,,,,,,24626.0,0.1342,
KABUPATEN MAJALENGKA,2016-01-01,,,,75.72,65.25,0.3368,21778.0,,,,,,,,1489.0,,,,,,,,,,,,,,,,,,997.0,,,,20863.0,,,,,,,,,,,,,,,,,,,,3257.0,0.0338,
KABUPATEN SUMEDANG,2016-01-01,,,,79.94,69.45,0.3078,20684.0,,,,,,,,2087.0,,,,,,,,,,,,,,,,,,757.0,,,,20055.0,,,,,,,,,,,,,,,,,,,,9688.0,0.1164,
KABUPATEN INDRAMAYU,2016-01-01,,,,78.03,64.78,0.2484,43102.0,,,,,,,,9036.0,,,,,,,,,,,,,,,,,,1322.0,,,,35484.0,,,,,,,,,,,,,,,,,,,,26430.0,0.2349,
KABUPATEN SUBANG,2016-01-01,,,,79.4,67.14,0.2686,35351.0,,,,,,,,2716.0,,,,,,,,,,,,,,,,,,788.0,,,,31088.0,,,,,,,,,,,,,,,,,,,,5757.0,0.0497,
KABUPATEN PURWAKARTA,2016-01-01,,,,77.45,68.56,0.3705,19976.0,,,,,,,,3152.0,,,,,,,,,,,,,,,,,,522.0,,,,19755.0,,,,,,,,,,,,,,,,,,,,7803.0,0.0994,
KABUPATEN KARAWANG,2016-01-01,,,,79.38,68.19,0.27390000000000003,46520.0,,,,,,,,4051.0,,,,,,,,,,,,,,,,,,1281.0,,,,48923.0,,,,,,,,,,,,,,,,,,,,23411.0,0.1382,
KABUPATEN BEKASI,2016-01-01,,,,81.91,71.83,0.2624,73617.0,,,,,,,,594.0,,,,,,,,,,,,,,,,,,531.0,,,,94579.0,,,,,,,,,,,,,,,,,,,,10843.0,0.054000000000000006,
KABUPATEN BANDUNG BARAT,2016-01-01,,,,79.72,65.81,0.2437,32807.0,,,,,,,,1759.0,,,,,,,,,,,,,,,,,,532.0,,,,29384.0,,,,,,,,,,,,,,,,,,,,10734.0,0.07919999999999999,
KABUPATEN PANGANDARAN,2016-01-01,,,,77.54,65.79,0.3322,6720.0,,,,,,,,470.0,,,,,,,,,,,,,,,,,,257.0,,,,6044.0,,,,,,,,,,,,,,,,,,,,1284.0,0.051100000000000007,
KOTA BOGOR,2016-01-01,,,,81.46,74.5,0.2597,21324.0,,,,,,,,1978.0,,,,,,,,,,,,,,,,,,54.0,,,,19875.0,,,,,,,,,,,,,,,,,,,,6794.0,0.0758,
KOTA SUKABUMI,2016-01-01,,,,79.85,72.33,0.3214,6535.0,,,,,,,,309.0,,,,,,,,,,,,,,,,,,230.0,,,,6145.0,,,,,,,,,,,,,,,,,,,,2457.0,0.1057,
KOTA BANDUNG,2016-01-01,,,,82.83,80.13,0.2699,46628.0,,,,,,,,744.0,,,,,,,,,,,,,,,,,,845.0,,,,42389.0,,,,,,,,,,,,,,,,,,,,9194.0,0.0643,
KOTA CIREBON,2016-01-01,,,,79.74,73.7,0.3311,5960.0,,,,,,,,565.0,,,,,,,,,,,,,,,,,,210.0,,,,5536.0,,,,,,,,,,,,,,,,,,,,2767.0,0.1243,
KOTA BEKASI,2016-01-01,,,,83.92,79.95,0.2448,55682.0,,,,,,,,992.0,,,,,,,,,,,,,,,,,,163.0,,,,44298.0,,,,,,,,,,,,,,,,,,,,16707.0,0.1106,
KOTA DEPOK,2016-01-01,,,,83.09,79.6,0.2939,46096.0,,,,,,,,1199.0,,,,,,,,,,,,,,,,,,411.0,,,,41817.0,,,,,,,,,,,,,,,,,,,,8850.0,0.0701,
KOTA CIMAHI,2016-01-01,,,,82.45,76.69,0.2564,11875.0,,,,,,,,145.0,,,,,,,,,,,,,,,,,,237.0,,,,10341.0,,,,,,,,,,,,,,,,,,,,5605.0,0.1418,
KOTA TASIKMALAYA,2016-01-01,,,,79.03,70.58,0.32659999999999995,13097.0,,,,,,,,1159.0,,,,,,,,,,,,,,,,,,390.0,,,,11813.0,,,,,,,,,,,,,,,,,,,,7145.0,0.1401,
KOTA BANJAR,2016-01-01,,,,77.43,70.09,0.3378,4307.0,,,,,,,,251.0,,,,,,,,,,,,,,,,,,112.0,,,,3247.0,,,,,,,,,,,,,,,,,,,,1154.0,0.0867,
KABUPATEN BOGOR,2017-01-01,,,,78.0,69.13,0.354,127203.0,,,,,,,,7043.0,,,,,,,,,,,,,,,114147.0,,,1557.0,,,,121415.0,,,,,,,,,,,,,,,,,,,,23797.0,0.0538,
KABUPATEN SUKABUMI,2017-01-01,,,,77.32,65.49,0.3229,50252.0,,,,,,,,3923.0,,,,,,,,,,,,,,,3118.0,,,167.0,,,,46239.0,,,,,,,,,,,,,,,,,,,,22776.0,0.1093,
KABUPATEN CIANJUR,2017-01-01,,,,76.14,63.7,0.355,46972.0,,,,,,,,2199.0,,,,,,,,,,,,,,,42726.0,,,1059.0,,,,42713.0,,,,,,,,,,,,,,,,,,,,27625.0,0.1392,
KABUPATEN BANDUNG,2017-01-01,,,,81.74,71.02,0.2717,79789.0,,,,,,,,895.0,,,,,,,,,,,,,,,68519.0,,,1207.0,,,,69205.0,,,,,,,,,,,,,,,,,,,,12272.0,0.0962,
KABUPATEN GARUT,2017-01-01,,,,78.22,64.52,0.32049999999999995,57424.0,,,,,,,,5621.0,,,,,,,,,,,,,,,51265.0,,,1256.0,,,,52965.0,,,,,,,,,,,,,,,,,,,,6619.0,0.1265,
KABUPATEN TASIKMALAYA,2017-01-01,,,,74.94,64.14,0.2716,32844.0,,,,,,,,4240.0,,,,,,,,,,,,,,,31073.0,,,1057.0,,,,30753.0,,,,,,,,,,,,,,,,,,,,17588.0,0.1526,
KABUPATEN CIAMIS,2017-01-01,,,,78.57,68.87,0.3079,19664.0,,,,,,,,3030.0,,,,,,,,,,,,,,,17493.0,,,920.0,,,,18492.0,,,,,,,,,,,,,,,,,,,,5831.0,0.0855,
KABUPATEN KUNINGAN,2017-01-01,,,,81.35,67.78,0.3308,19839.0,,,,,,,,4055.0,,,,,,,,,,,,,,,18948.0,,,1119.0,,,,19525.0,,,,,,,,,,,,,,,,,,,,5101.0,0.064,
KABUPATEN CIREBON,2017-01-01,,,,79.22,67.39,0.2626,40953.0,,,,,,,,6429.0,,,,,,,,,,,,,,,46882.0,,,1475.0,,,,47211.0,,,,,,,,,,,,,,,,,,,,20017.0,0.1112,
KABUPATEN MAJALENGKA,2017-01-01,,,,75.98,65.92,0.3292,21403.0,,,,,,,,1326.0,,,,,,,,,,,,,,,19991.0,,,882.0,,,,20224.0,,,,,,,,,,,,,,,,,,,,2295.0,0.0251,
KABUPATEN SUMEDANG,2017-01-01,,,,80.0,70.07,0.2533,20023.0,,,,,,,,1799.0,,,,,,,,,,,,,,,19412.0,,,690.0,,,,19819.0,,,,,,,,,,,,,,,,,,,,9222.0,0.1125,
KABUPATEN INDRAMAYU,2017-01-01,,,,78.25,65.58,0.2382,30418.0,,,,,,,,4876.0,,,,,,,,,,,,,,,35027.0,,,1505.0,,,,34362.0,,,,,,,,,,,,,,,,,,,,18227.0,0.2306,
KABUPATEN SUBANG,2017-01-01,,,,79.55,67.73,0.2788,27302.0,,,,,,,,3100.0,,,,,,,,,,,,,,,30603.0,,,659.0,,,,27865.0,,,,,,,,,,,,,,,,,,,,4275.0,0.0493,
KABUPATEN PURWAKARTA,2017-01-01,,,,77.57,69.28,0.3069,19831.0,,,,,,,,2509.0,,,,,,,,,,,,,,,0.0,,,516.0,,,,19534.0,,,,,,,,,,,,,,,,,,,,6858.0,0.0939,
KABUPATEN KARAWANG,2017-01-01,,,,79.45,69.17,0.2361,46060.0,,,,,,,,6658.0,,,,,,,,,,,,,,,49350.0,,,1250.0,,,,44903.0,,,,,,,,,,,,,,,,,,,,16865.0,0.1418,
KABUPATEN BEKASI,2017-01-01,,,,82.0,72.63,0.1849,80227.0,,,,,,,,518.0,,,,,,,,,,,,,,,75831.0,,,451.0,,,,74907.0,,,,,,,,,,,,,,,,,,,,3861.0,0.0425,
KABUPATEN BANDUNG BARAT,2017-01-01,,,,79.8,66.63,0.2435,34933.0,,,,,,,,1796.0,,,,,,,,,,,,,,,30208.0,,,575.0,,,,29904.0,,,,,,,,,,,,,,,,,,,,10487.0,0.08,
KABUPATEN PANGANDARAN,2017-01-01,,,,77.78,66.6,0.4984,6601.0,,,,,,,,1163.0,,,,,,,,,,,,,,,5864.0,,,24.0,,,,6191.0,,,,,,,,,,,,,,,,,,,,993.0,0.0379,
KOTA BOGOR,2017-01-01,,,,81.55,75.16,0.2568,21205.0,,,,,,,,1873.0,,,,,,,,,,,,,,,19522.0,,,370.0,,,,20502.0,,,,,,,,,,,,,,,,,,,,5538.0,0.0659,
KOTA SUKABUMI,2017-01-01,,,,79.92,73.03,0.2926,6461.0,,,,,,,,460.0,,,,,,,,,,,,,,,6073.0,,,231.0,,,,6010.0,,,,,,,,,,,,,,,,,,,,2161.0,0.0898,
KOTA BANDUNG,2017-01-01,,,,82.86,80.31,0.33340000000000003,45191.0,,,,,,,,575.0,,,,,,,,,,,,,,,42317.0,,,3147.0,,,,41850.0,,,,,,,,,,,,,,,,,,,,2506.0,0.0199,
KOTA CIREBON,2017-01-01,,,,79.78,74.0,0.3333,5897.0,,,,,,,,514.0,,,,,,,,,,,,,,,5234.0,,,168.0,,,,5395.0,,,,,,,,,,,,,,,,,,,,2953.0,0.1369,
KOTA BEKASI,2017-01-01,,,,84.05,80.3,0.2404,56143.0,,,,,,,,2115.0,,,,,,,,,,,,,,,49336.0,,,335.0,,,,47065.0,,,,,,,,,,,,,,,,,,,,18215.0,0.1143,
KOTA DEPOK,2017-01-01,,,,83.14,79.83,0.2725,46840.0,,,,,,,,1733.0,,,,,,,,,,,,,,,39958.0,,,475.0,,,,42665.0,,,,,,,,,,,,,,,,,,,,6835.0,0.0594,
KOTA CIMAHI,2017-01-01,,,,82.48,76.95,0.2518,11801.0,,,,,,,,195.0,,,,,,,,,,,,,,,10754.0,,,336.0,,,,10528.0,,,,,,,,,,,,,,,,,,,,3447.0,0.1454,
KOTA TASIKMALAYA,2017-01-01,,,,79.2,71.51,0.3107,12878.0,,,,,,,,1267.0,,,,,,,,,,,,,,,12149.0,,,343.0,,,,11991.0,,,,,,,,,,,,,,,,,,,,6572.0,0.13119999999999998,
KOTA BANJAR,2017-01-01,,,,77.52,70.79,0.30010000000000003,3304.0,,,,,,,,348.0,,,,,,,,,,,,,,,3111.0,,,132.0,,,,3138.0,,,,,,,,,,,,,,,,,,,,1036.0,0.0796,
KABUPATEN BOGOR,2018-01-01,0.26,1.12,0.07139999999999999,78.25,69.69,0.3428,127781.0,,,,,,,,3627.0,,,,,,,,,,,,,,,112959.0,,0.4552000000000001,1752.0,,,,117494.0,,,,,,,,,,,,,,,,,,,,7642.0,0.0108,
KABUPATEN SUKABUMI,2018-01-01,0.19,0.86,0.0676,77.68,66.05,0.2826,51182.0,,,,,,,,3923.0,,,,,,,,,,,,,,,22305.0,,0.7382,0.0,,,,350.0,,,,,,,,,,,,,,,,,,,,10691.0,0.0532,
KABUPATEN CIANJUR,2018-01-01,0.27,1.34,0.0981,76.46,64.62,0.3762,46972.0,,,,,,,,2407.0,,,,,,,,,,,,,,,17271.0,,0.4694,1059.0,,,,44306.0,,,,,,,,,,,,,,,,,,,,12476.0,0.06570000000000001,
KABUPATEN BANDUNG,2018-01-01,0.2,0.87,0.0665,81.94,71.75,0.3385,79612.0,,,,,,,,6104.0,,,,,,,,,,,,,,,37276.0,,0.2758,1343.0,,,,68042.0,,,,,,,,,,,,,,,,,,,,21131.0,0.0791,
KABUPATEN GARUT,2018-01-01,0.37,1.49,0.0927,78.51,65.42,0.3734,61051.0,,,,,,,,5843.0,,,,,,,,,,,,,,,53116.0,,0.2209,1105.0,,,,55036.0,,,,,,,,,,,,,,,,,,,,10368.0,0.1207,
KABUPATEN TASIKMALAYA,2018-01-01,0.23,1.19,0.0985,75.32,65.0,0.3172,32657.0,,,,,,,,2232.0,,,,,,,,,,,,,,,17153.0,,1.1495,1057.0,,,,30778.0,,,,,,,,,,,,,,,,,,,,18644.0,0.15710000000000002,
KABUPATEN CIAMIS,2018-01-01,0.26,1.18,0.0722,78.95,69.63,0.3084,23350.0,,,,,,,,2822.0,,,,,,,,,,,,,,,10590.0,,0.4822,896.0,,,,19576.0,,,,,,,,,,,,,,,,,,,,4847.0,0.0647,
KABUPATEN KUNINGAN,2018-01-01,0.4,1.73,0.1222,81.71,68.55,0.4051,19514.0,,,,,,,,3887.0,,,,,,,,,,,,,,,19579.0,,0.0,1270.0,,,,19875.0,,,,,,,,,,,,,,,,,,,,5906.0,0.0819,
KABUPATEN CIREBON,2018-01-01,0.55,2.04,0.107,79.48,68.05,0.3536,50176.0,,,,,,,,5679.0,,,,,,,,,,,,,,,48319.0,,0.5526,1504.0,,,,47886.0,,,,,,,,,,,,,,,,,,,,11082.0,0.1029,
KABUPATEN MAJALENGKA,2018-01-01,0.51,1.96,0.1079,76.43,66.72,0.2916,21020.0,,,,,,,,1237.0,,,,,,,,,,,,,,,10483.0,,0.8536,917.0,,,,20692.0,,,,,,,,,,,,,,,,,,,,1958.0,0.0222,
KABUPATEN SUMEDANG,2018-01-01,0.47,1.72,0.0976,80.22,70.99,0.307,19631.0,,,,,,,,1799.0,,,,,,,,,,,,,,,19395.0,,0.6284000000000001,593.0,,,,19312.0,,,,,,,,,,,,,,,,,,,,8032.0,0.0995,
KABUPATEN INDRAMAYU,2018-01-01,0.6,2.23,0.1189,78.63,66.36,0.2965,29942.0,,,,,,,,4012.0,,,,,,,,,,,,,,,33558.0,,0.2914,0.0,,,,34846.0,,,,,,,,,,,,,,,,,,,,25558.0,0.2051,
KABUPATEN SUBANG,2018-01-01,0.51,1.7,0.0867,79.88,68.31,0.2331,35848.0,,,,,,,,2881.0,,,,,,,,,,,,,,,30998.0,,0.6133,55.0,,,,31103.0,,,,,,,,,,,,,,,,,,,,3741.0,0.0326,
KABUPATEN PURWAKARTA,2018-01-01,0.16,0.87,0.0799,77.86,69.98,0.3689,19662.0,,,,,,,,2094.0,,,,,,,,,,,,,,,18073.0,,0.4129,370.0,,,,19172.0,,,,,,,,,,,,,,,,,,,,5953.0,0.0782,
KABUPATEN KARAWANG,2018-01-01,0.3,1.21,0.0806,79.71,69.89,0.2305,45558.0,,,,,,,,4023.0,,,,,,,,,,,,,,,44815.0,,0.185,1123.0,,,,44031.0,,,,,,,,,,,,,,,,,,,,18436.0,0.1875,
KABUPATEN BEKASI,2018-01-01,0.15,0.65,0.0437,82.2,73.49,0.2468,81869.0,,,,,,,,719.0,,,,,,,,,,,,,,,74419.0,,0.2962,399.0,,,,72886.0,,,,,,,,,,,,,,,,,,,,6045.0,0.047699999999999985,
KABUPATEN BANDUNG BARAT,2018-01-01,0.35,1.45,0.1006,80.05,67.46,0.2808,34613.0,,,,,,,,2554.0,,,,,,,,,,,,,,,30375.0,,0.5511,1057.0,,,,29991.0,,,,,,,,,,,,,,,,,,,,7578.0,0.0694,
KABUPATEN PANGANDARAN,2018-01-01,0.3,1.24,0.0812,78.22,67.44,0.4064,6478.0,,,,,,,,933.0,,,,,,,,,,,,,,,5961.0,,0.8786,271.0,,,,6156.0,,,,,,,,,,,,,,,,,,,,634.0,0.0647,
KOTA BOGOR,2018-01-01,0.17,0.77,0.0593,81.86,75.66,0.2431,21113.0,,,,,,,,2027.0,,,,,,,,,,,,,,,19452.0,,0.4995000000000001,348.0,,,,19699.0,,,,,,,,,,,,,,,,,,,,4050.0,0.048,
KOTA SUKABUMI,2018-01-01,0.26,1.09,0.0712,80.17,73.55,0.2317,6381.0,,,,,,,,641.0,,,,,,,,,,,,,,,5530.0,,0.6516,221.0,,,,6021.0,,,,,,,,,,,,,,,,,,,,2826.0,0.1213,
KOTA BANDUNG,2018-01-01,0.11,0.48,0.0357,83.08,81.06,0.3386,44422.0,,,,,,,,633.0,,,,,,,,,,,,,,,43662.0,,0.4401,889.0,,,,41043.0,,,,,,,,,,,,,,,,,,,,10048.0,0.0756,
KOTA CIREBON,2018-01-01,0.19,0.99,0.0888,79.98,74.35,0.3461,5834.0,,,,,,,,675.0,,,,,,,,,,,,,,,5255.0,,0.4939,207.0,,,,5680.0,,,,,,,,,,,,,,,,,,,,2253.0,0.101,
KOTA BEKASI,2018-01-01,0.18,0.72,0.041100000000000005,84.25,81.04,0.26890000000000003,56551.0,,,,,,,,2578.0,,,,,,,,,,,,,,,28110.0,,0.1568,306.0,,,,47338.0,,,,,,,,,,,,,,,,,,,,8087.0,0.1818,
KOTA DEPOK,2018-01-01,0.06,0.31,0.0214,83.34,80.29,0.2733,47550.0,,,,,,,,3577.0,,,,,,,,,,,,,,,43934.0,,0.3236,436.0,,,,43268.0,,,,,,,,,,,,,,,,,,,,6751.0,0.0541,
KOTA CIMAHI,2018-01-01,0.23,0.84,0.049400000000000006,82.69,77.56,0.30820000000000003,11713.0,,,,,,,,282.0,,,,,,,,,,,,,,,10677.0,,0.17329999999999998,293.0,,,,10827.0,,,,,,,,,,,,,,,,,,,,3585.0,0.0975,
KOTA TASIKMALAYA,2018-01-01,0.31,1.52,0.12710000000000002,79.54,72.03,0.3243,13265.0,,,,,,,,1549.0,,,,,,,,,,,,,,,12110.0,,0.5600999999999999,0.0,,,,12020.0,,,,,,,,,,,,,,,,,,,,5149.0,0.1079,
KOTA BANJAR,2018-01-01,0.19,0.79,0.057,77.83,71.25,0.386,3238.0,,,,,,,,457.0,,,,,,,,,,,,,,,3126.0,,0.4318,0.0,,,,3012.0,,,,,,,,,,,,,,,,,,,,1054.0,0.0824,
KABUPATEN BOGOR,2019-01-01,0.15,0.83,0.0666,78.48,70.65,0.3294,128293.0,22363.0,39759.0,40252.0,33353.0,38489.0,4163.0,3356.0,7002.0,1802.0,1536.0,1802.0,1536.0,3693.0,2921.0,3693.0,2921.0,217.0,0.889,0.899,217.0,75.0,341.0,113376.0,76401.0,0.5312,1633.0,116562.0,1586.0,47.0,118195.0,20999.0,16179.0,86706.0,48589.0,7269.0,56.0,0.0,26985.0,10.0,0.0,5.0,5.0,0.0,77873.0,54171.0,70965.0,2507.0,800.0,20999.0,18752.0,0.0406,193.0
KABUPATEN SUKABUMI,2019-01-01,0.11,0.66,0.0622,78.05,66.87,0.2897,48541.0,17468.0,23112.0,21966.0,22308.0,26195.0,3442.0,3216.0,3923.0,2292.0,1962.0,2292.0,1962.0,3331.0,2937.0,3331.0,2937.0,31.0,0.9259999999999999,0.982,31.0,92.0,289.0,,,0.5715,,,,,52793.0,8016.0,6641.0,11352.0,35307.0,4506.0,400.0,8.0,11492.0,28.0,0.0,0.0,0.0,0.0,78924.0,28396.0,53908.0,2427.0,1181.0,8016.0,15583.0,0.08289999999999999,100.0
KABUPATEN CIANJUR,2019-01-01,0.11,0.74,0.0915,76.78,65.38,0.4024,45277.0,10580.0,12538.0,11636.0,9868.0,14324.0,4068.0,3714.0,1998.0,777.0,613.0,777.0,613.0,1708.0,1585.0,1708.0,1585.0,52.0,0.868,0.95,52.0,91.0,263.0,37461.0,34236.0,0.6878,1143.0,39983.0,1121.0,22.0,41126.0,8553.0,3570.0,10017.0,21257.0,4243.0,47.0,0.0,10812.0,0.0,0.0,0.0,0.0,0.0,36879.0,18085.0,27429.0,1618.0,834.0,8553.0,12761.0,0.0661,82.0
KABUPATEN BANDUNG,2019-01-01,0.28,1.04,0.0594,82.15,72.41,0.2869,79389.0,16739.0,23292.0,22912.0,15887.0,25349.0,2367.0,2185.0,7197.0,1566.0,1202.0,1566.0,1202.0,2821.0,2455.0,2821.0,2455.0,95.0,0.927,0.927,95.0,100.0,170.0,68953.0,55008.0,0.6384000000000001,1976.0,65791.0,1933.0,43.0,67767.0,12706.0,3954.0,15020.0,25114.0,7614.0,735.0,1.0,17174.0,7.0,0.0,0.0,0.0,0.0,57660.0,31049.0,49998.0,2943.0,1638.0,12706.0,19121.0,0.0732,97.0
KABUPATEN GARUT,2019-01-01,0.16,0.87,0.0898,78.8,66.22,0.3741,55955.0,14068.0,24427.0,19981.0,15158.0,23231.0,3630.0,3137.0,6669.0,1920.0,1414.0,1920.0,1414.0,2772.0,2533.0,2772.0,2533.0,84.0,0.8009999999999999,0.955,84.0,103.0,318.0,,,0.7432,,,,,53828.0,7718.0,3682.0,9255.0,25711.0,8011.0,363.0,0.0,11780.0,0.0,0.0,0.0,0.0,0.0,83767.0,33078.0,45388.0,2333.0,877.0,7718.0,9723.0,0.048,167.0
KABUPATEN TASIKMALAYA,2019-01-01,0.12,0.84,0.0912,75.71,65.64,0.3713,31560.0,10816.0,13415.0,10839.0,7270.0,14109.0,3436.0,2877.0,2791.0,1341.0,1374.0,1341.0,1374.0,2468.0,2141.0,2468.0,2141.0,44.0,0.917,1.0,44.0,107.0,244.0,30810.0,25970.0,0.6677,1161.0,29563.0,1103.0,58.0,30724.0,8865.0,2971.0,17254.0,8763.0,3823.0,79.0,0.0,8143.0,1.0,0.0,0.0,11.0,0.0,32285.0,13600.0,24282.0,1734.0,795.0,8865.0,17254.0,0.1506,117.0
KABUPATEN CIAMIS,2019-01-01,0.14,0.76,0.0665,79.34,70.39,0.392,18940.0,5573.0,7712.0,7447.0,6049.0,8087.0,3311.0,2169.0,3063.0,664.0,556.0,664.0,556.0,1187.0,1204.0,1187.0,1204.0,14.0,1.0,1.0,14.0,100.0,158.0,18379.0,15657.0,0.4596,797.0,18349.0,772.0,25.0,19146.0,306.0,1613.0,614.0,10627.0,5008.0,64.0,0.0,5492.0,0.0,0.0,0.0,0.0,0.0,20366.0,9279.0,16780.0,1240.0,650.0,306.0,4254.0,0.0733,48.0
KABUPATEN KUNINGAN,2019-01-01,0.18,1.24,0.1141,82.08,69.12,0.4223,19196.0,11532.0,14969.0,15080.0,11768.0,13994.0,3522.0,3239.0,3522.0,1200.0,1319.0,1200.0,1319.0,2365.0,1952.0,2365.0,1952.0,56.0,1.0,1.0,56.0,113.0,248.0,19381.0,25871.0,0.7492,1146.0,18308.0,1123.0,23.0,19454.0,4088.0,2270.0,5553.0,9579.0,2229.0,48.0,0.0,4993.0,3.0,83.0,4.0,15.0,0.0,40173.0,18364.0,27528.0,1128.0,1453.0,4088.0,5553.0,0.084,55.0
KABUPATEN CIREBON,2019-01-01,0.26,1.29,0.0994,79.72,68.69,0.454,39998.0,16559.0,23333.0,23422.0,20076.0,24661.0,3552.0,3175.0,5655.0,2462.0,1841.0,2462.0,1841.0,3164.0,3225.0,3164.0,3225.0,88.0,0.956,0.96,88.0,136.0,276.0,48457.0,52661.0,0.718,1608.0,46806.0,1568.0,40.0,48414.0,13743.0,6098.0,14127.0,20893.0,10776.0,42.0,1.0,10058.0,0.0,0.0,1.0,0.0,0.0,56729.0,39316.0,52159.0,3455.0,1370.0,13743.0,14127.0,0.0793,174.0
KABUPATEN MAJALENGKA,2019-01-01,0.28,1.39,0.1006,76.88,67.52,0.3453,20647.0,11543.0,13559.0,13274.0,10916.0,13679.0,2807.0,2629.0,1067.0,632.0,1019.0,632.0,1019.0,1597.0,1580.0,1597.0,1580.0,52.0,1.0,1.0,52.0,98.0,232.0,20287.0,24118.0,0.7666,833.0,19604.0,815.0,18.0,20437.0,4220.0,2133.0,3905.0,11818.0,4531.0,146.0,0.0,5567.0,0.0,0.0,0.0,0.0,0.0,27898.0,17743.0,25181.0,1116.0,805.0,4220.0,4642.0,0.0527,83.0
KABUPATEN SUMEDANG,2019-01-01,0.21,1.05,0.0905,80.45,71.46,0.2682,19230.0,6599.0,7660.0,7634.0,5746.0,7861.0,2726.0,2457.0,1536.0,723.0,631.0,723.0,631.0,870.0,835.0,870.0,835.0,8.0,1.0,1.0,8.0,124.0,146.0,18983.0,12215.0,0.7866,555.0,18258.0,525.0,30.0,18813.0,4237.0,1676.0,6780.0,8215.0,3979.0,257.0,0.0,5324.0,0.0,0.0,0.0,0.0,0.0,16407.0,10361.0,14560.0,1267.0,861.0,4237.0,6780.0,0.0877,53.0
KABUPATEN INDRAMAYU,2019-01-01,0.4,1.66,0.1111,79.03,66.97,0.3978,29476.0,8999.0,13678.0,13794.0,10267.0,12700.0,2465.0,2250.0,9700.0,297.0,507.0,297.0,507.0,652.0,489.0,652.0,489.0,59.0,1.0,1.0,59.0,76.0,233.0,35587.0,25554.0,0.5768,1081.0,33504.0,966.0,115.0,34585.0,13640.0,10369.0,20255.0,10859.0,6602.0,177.0,0.0,11102.0,0.0,0.0,0.0,0.0,0.0,26848.0,17588.0,27491.0,503.0,638.0,13640.0,19458.0,0.1539,126.0
KABUPATEN SUBANG,2019-01-01,0.34,1.39,0.0812,80.2,68.69,0.2917,26669.0,9393.0,12666.0,12550.0,8684.0,13007.0,2020.0,1823.0,2315.0,671.0,935.0,671.0,935.0,1269.0,2388.0,1269.0,2388.0,20.0,1.0,1.0,20.0,78.0,167.0,31825.0,20785.0,0.4894,604.0,31314.0,585.0,19.0,31918.0,3974.0,1892.0,2476.0,15731.0,4885.0,21.0,0.0,7037.0,0.0,0.0,0.0,0.0,0.0,262919.0,13051.0,24617.0,1352.0,1603.0,3974.0,2476.0,0.022,71.0
KABUPATEN PURWAKARTA,2019-01-01,0.28,1.24,0.0748,78.15,70.67,0.4449,19483.0,3526.0,7016.0,6840.0,5982.0,6485.0,1657.0,1496.0,2200.0,383.0,354.0,383.0,354.0,631.0,703.0,631.0,703.0,18.0,0.9279999999999999,1.0,18.0,39.0,144.0,18091.0,13878.0,0.5656,454.0,18819.0,435.0,19.0,19273.0,2622.0,669.0,2453.0,12060.0,3653.0,23.0,1.0,4453.0,2.0,0.0,0.0,14.0,0.0,15610.0,9290.0,11156.0,554.0,969.0,2622.0,3451.0,0.046,54.0
KABUPATEN KARAWANG,2019-01-01,0.24,1.06,0.0739,79.97,70.86,0.2725,45032.0,7313.0,9783.0,9189.0,8834.0,11810.0,2611.0,2361.0,8116.0,530.0,556.0,530.0,556.0,1241.0,1114.0,1241.0,1114.0,37.0,1.0,1.0,37.0,82.0,215.0,44190.0,30848.0,0.6049,1105.0,43745.0,1040.0,65.0,44850.0,4310.0,3354.0,3654.0,23828.0,5494.0,230.0,0.0,10100.0,3.0,0.0,0.0,23.0,0.0,26163.0,21156.0,20675.0,1897.0,857.0,4310.0,4940.0,0.0417,103.0
KABUPATEN BEKASI,2019-01-01,0.15,0.6,0.0401,82.4,73.99,0.2507,83495.0,4539.0,9264.0,9021.0,7373.0,10749.0,1360.0,1224.0,861.0,232.0,450.0,232.0,450.0,843.0,763.0,843.0,763.0,42.0,0.9670000000000001,1.0,42.0,36.0,144.0,76605.0,15299.0,0.5695,443.0,79291.0,435.0,8.0,79734.0,7948.0,5153.0,7838.0,14503.0,2136.0,40.0,0.0,12201.0,7.0,0.0,0.0,23.0,0.0,22016.0,19789.0,15039.0,351.0,206.0,7948.0,7436.0,0.0342,141.0
KABUPATEN BANDUNG BARAT,2019-01-01,0.33,1.54,0.0938,80.28,68.27,0.3099,34276.0,6800.0,10232.0,9836.0,9052.0,12171.0,1525.0,1390.0,3314.0,411.0,277.0,411.0,277.0,822.0,570.0,822.0,570.0,17.0,0.871,0.883,17.0,61.0,104.0,0.0,27029.0,0.7212000000000001,723.0,29614.0,644.0,79.0,30337.0,6130.0,1684.0,8151.0,9406.0,2497.0,27.0,3.0,7404.0,0.0,0.0,0.0,0.0,0.0,46299.0,20436.0,26916.0,952.0,740.0,6130.0,9322.0,0.076,82.0
KABUPATEN PANGANDARAN,2019-01-01,0.16,0.9,0.0771,78.65,68.21,0.473,6358.0,1844.0,2039.0,2021.0,1669.0,2106.0,716.0,653.0,920.0,66.0,63.0,66.0,63.0,173.0,133.0,173.0,133.0,10.0,0.992,1.0,10.0,37.0,56.0,5917.0,3771.0,0.9033,192.0,5882.0,182.0,10.0,6074.0,773.0,39.0,853.0,2371.0,778.0,8.0,0.0,2041.0,0.0,0.0,0.0,0.0,0.0,5022.0,2363.0,4428.0,340.0,129.0,773.0,7863.0,0.2167,22.0
KOTA BOGOR,2019-01-01,0.18,0.72,0.0577,82.17,76.23,0.3155,21010.0,,,,,,,,2218.0,,,,,,,,,,,,,,,19445.0,,0.5474,243.0,19952.0,220.0,23.0,20195.0,3859.0,2047.0,3192.0,9269.0,3618.0,30.0,0.0,5069.0,10.0,140.0,3.0,127.0,2.0,,,,,,3859.0,3757.0,0.0454,
KOTA SUKABUMI,2019-01-01,0.32,1.08,0.0667,80.4,74.31,0.2584,6301.0,,,,,,,,539.0,,,,,,,,,,,,,,,5801.0,,0.7739,297.0,5779.0,292.0,5.0,6076.0,1333.0,634.0,1683.0,5616.0,1374.0,22.0,0.0,1593.0,2.0,26.0,0.0,29.0,0.0,,,,,,1333.0,2069.0,0.0931,
KOTA BANDUNG,2019-01-01,0.14,0.53,0.0338,83.29,81.62,0.31370000000000003,43647.0,,,,,,,,1649.0,,,,,,,,,,,,,,,41884.0,,0.6840999999999999,925.0,40909.0,882.0,43.0,41834.0,7959.0,3999.0,8121.0,21412.0,8098.0,487.0,3.0,11567.0,8.0,0.0,2.0,4.0,1.0,,,,,,7959.0,8121.0,0.0653,
KOTA CIREBON,2019-01-01,0.26,1.23,0.08410000000000001,80.2,74.92,0.4256,5773.0,,,,,,,,753.0,,,,,,,,,,,,,,,5240.0,,1.0966,196.0,5295.0,193.0,3.0,5491.0,2229.0,2472.0,874.0,6717.0,2037.0,11.0,1.0,1475.0,12.0,0.0,0.0,41.0,0.0,,,,,,2229.0,2411.0,0.1121,
KOTA BEKASI,2019-01-01,0.1,0.47,0.0381,84.45,81.59,0.3065,56937.0,,,,,,,,2214.0,,,,,,,,,,,,,,,50656.0,,0.3381,273.0,49272.0,264.0,9.0,49545.0,5797.0,4955.0,8010.0,8368.0,2801.0,56.0,0.0,13924.0,25.0,45.0,0.0,32.0,0.0,,,,,,5797.0,11737.0,0.1069,
KOTA DEPOK,2019-01-01,0.04,0.24,0.0207,83.55,80.82,0.3104,48242.0,,,,,,,,4163.0,,,,,,,,,,,,,,,43681.0,,0.6643000000000001,385.0,43471.0,363.0,22.0,43856.0,5450.0,3021.0,5241.0,7116.0,1694.0,29.0,0.0,11120.0,0.0,0.0,0.0,0.0,0.0,,,,,,5450.0,5241.0,0.0455,
KOTA CIMAHI,2019-01-01,0.14,0.6,0.0439,82.91,78.11,0.3129,11623.0,,,,,,,,430.0,,,,,,,,,,,,,,,10624.0,,0.4773,333.0,10472.0,315.0,18.0,10805.0,2014.0,888.0,3269.0,3852.0,1371.0,18.0,0.0,2718.0,2.0,0.0,0.0,15.0,0.0,,,,,,2014.0,3269.0,0.0906,
KOTA TASIKMALAYA,2019-01-01,0.53,1.98,0.116,79.89,72.84,0.2088,12413.0,,,,,,,,1389.0,,,,,,,,,,,,,,,11217.0,,0.6831,369.0,11341.0,348.0,21.0,11710.0,3738.0,1679.0,5373.0,5052.0,1686.0,51.0,1.0,3047.0,0.0,0.0,0.0,0.0,0.0,,,,,,3738.0,5373.0,0.1095,
KOTA BANJAR,2019-01-01,0.1,0.57,0.055,78.14,,0.3163,3171.0,539.0,435.0,390.0,670.0,1065.0,71.0,62.0,622.0,16.0,16.0,16.0,16.0,29.0,89.0,29.0,89.0,0.0,1.0,1.0,0.0,6.0,10.0,3037.0,807.0,0.8318000000000001,129.0,2902.0,122.0,7.0,3031.0,968.0,523.0,962.0,2717.0,569.0,4.0,1.0,935.0,0.0,0.0,0.0,4.0,0.0,1380.0,717.0,1397.0,35.0,6.0,968.0,962.0,0.0761,0.0
KABUPATEN BOGOR,2020-01-01,0.11,0.83,0.07690000000000001,78.72,70.4,0.3264,128743.0,29018.0,45514.0,46433.0,39307.0,42400.0,46395.0,19413.0,4968.0,2000.0,2552.0,3802.0,4088.0,3620.0,3592.0,7313.0,6513.0,110.0,,,,,,101947.0,85561.0,0.5106,1790.0,,,,113665.0,,,,,,,,,4.0,0.0,0.0,0.0,0.0,108082.0,68871.0,95429.0,3045.0,733.0,21322.0,34020.0,0.1147,170.0
KABUPATEN SUKABUMI,2020-01-01,0.12,0.8,0.0709,78.42,66.88,0.3104,47673.0,19089.0,24806.0,23713.0,20876.0,25509.0,28425.0,12826.0,3845.0,2245.0,2140.0,4537.0,4102.0,3008.0,2674.0,6339.0,5611.0,26.0,,,,,,39492.0,46940.0,0.7111,2033.0,,,,46999.0,,,,,,,,,18.0,0.0,0.0,0.0,0.0,83988.0,35708.0,58807.0,3343.0,1198.0,8838.0,14106.0,0.0689,69.0
KABUPATEN CIANJUR,2020-01-01,0.27,1.38,0.1036,77.12,65.36,0.3758,44426.0,14915.0,18087.0,16635.0,12984.0,17785.0,20610.0,7663.0,1295.0,1554.0,1979.0,2331.0,2592.0,1966.0,1592.0,3674.0,3177.0,26.0,,,,,,32276.0,45367.0,0.7103,1143.0,,,,47324.0,,,,,,,,,0.0,0.0,0.0,0.0,0.0,56044.0,29807.0,46900.0,1557.0,366.0,9069.0,11680.0,0.064,65.0
KABUPATEN BANDUNG,2020-01-01,0.17,0.92,0.0691,82.35,72.39,0.26780000000000004,79131.0,17609.0,24386.0,22998.0,18196.0,22762.0,25870.0,12623.0,3815.0,1473.0,1470.0,3039.0,2672.0,2189.0,2021.0,5010.0,4476.0,36.0,,,,,,63307.0,56208.0,0.6325,1783.0,,,,66974.0,,,,,,,,,7.0,0.0,0.0,2.0,0.0,75067.0,40941.0,67025.0,3294.0,1091.0,13728.0,29581.0,0.1577,70.0
KABUPATEN GARUT,2020-01-01,0.15,0.97,0.0998,79.09,66.12,0.3542,55188.0,17031.0,26935.0,22740.0,18586.0,24974.0,26303.0,10820.0,5901.0,2237.0,1753.0,4157.0,3167.0,2996.0,2677.0,5768.0,5210.0,52.0,,,,,,46789.0,51872.0,0.687,1107.0,,,,52621.0,,,,,,,,,0.0,0.0,0.0,0.0,0.0,91067.0,37820.0,56872.0,2159.0,875.0,9128.0,13523.0,0.0639,138.0
KABUPATEN TASIKMALAYA,2020-01-01,0.11,0.83,0.1034,76.11,65.67,0.342,30912.0,10597.0,13267.0,11307.0,8742.0,13477.0,15189.0,5137.0,2682.0,1508.0,1556.0,2849.0,2930.0,2789.0,1939.0,5257.0,4080.0,41.0,,,,,,29644.0,28718.0,0.758,1166.0,,,,30506.0,,,,,,,,,0.0,0.0,0.0,12.0,0.0,38378.0,18622.0,30926.0,2712.0,1002.0,9275.0,18952.0,0.1897,118.0
KABUPATEN CIAMIS,2020-01-01,0.16,0.92,0.0762,79.74,70.49,0.3563,18589.0,6740.0,9172.0,8717.0,7017.0,8542.0,9809.0,4482.0,2204.0,778.0,739.0,1442.0,1295.0,967.0,1042.0,2154.0,2246.0,16.0,,,,,,,16477.0,0.9882,863.0,,,,16899.0,,,,,,,,,0.0,0.0,0.0,0.0,0.0,24710.0,11697.0,20077.0,1478.0,498.0,4810.0,7688.0,0.1124,50.0
KABUPATEN KUNINGAN,2020-01-01,0.62,2.41,0.1282,82.45,69.38,0.3618,18884.0,8349.0,10126.0,9974.0,7973.0,9392.0,10341.0,6396.0,2871.0,871.0,902.0,2071.0,2221.0,1193.0,1090.0,3558.0,3042.0,57.0,,,,,,18456.0,24904.0,0.7667,1119.0,,,,19370.0,,,,,,,,,0.0,0.0,0.0,0.0,0.0,30077.0,21383.0,28440.0,805.0,332.0,4265.0,5298.0,0.07980000000000001,37.0
KABUPATEN CIREBON,2020-01-01,0.24,1.3,0.1124,79.98,68.75,0.3396,39534.0,17330.0,24717.0,27339.0,20786.0,24967.0,27939.0,13083.0,4105.0,1870.0,2109.0,4332.0,3950.0,2768.0,2886.0,5932.0,6111.0,75.0,,,,,,46167.0,52460.0,0.7239,1412.0,,,,47620.0,,,,,,,,,0.0,0.0,1.0,76.0,0.0,62610.0,44623.0,55693.0,3351.0,964.0,15737.0,21733.0,0.1389,162.0
KABUPATEN MAJALENGKA,2020-01-01,0.25,1.41,0.1143,77.34,67.59,0.3105,20284.0,10110.0,12469.0,12246.0,10560.0,17710.0,12272.0,6116.0,895.0,869.0,995.0,1501.0,2014.0,1070.0,1100.0,2667.0,2680.0,21.0,,,,,,20040.0,23052.0,1.7231999999999998,955.0,,,,21030.0,,,,,,,,,0.0,0.0,0.0,7.0,0.0,31575.0,20186.0,31632.0,1330.0,552.0,4549.0,4381.0,0.0529,51.0
KABUPATEN SUMEDANG,2020-01-01,0.42,1.72,0.1026,80.66,71.64,0.3145,18834.0,6664.0,8153.0,8022.0,6200.0,8024.0,8630.0,4645.0,1058.0,727.0,805.0,1450.0,1436.0,715.0,757.0,1585.0,1592.0,9.0,,,,,,19488.0,15838.0,0.8208,537.0,,,,19156.0,,,,,,,,,0.0,0.0,0.0,0.0,0.0,21211.0,13444.0,19147.0,1074.0,560.0,5784.0,8870.0,0.1191,40.0
KABUPATEN INDRAMAYU,2020-01-01,0.56,2.18,0.127,79.43,67.29,0.3697,29020.0,9007.0,12969.0,13141.0,11750.0,12846.0,15219.0,7115.0,2161.0,284.0,1052.0,581.0,1559.0,685.0,479.0,1337.0,968.0,41.0,,,,,,26382.0,30759.0,0.6282,1081.0,,,,30154.0,,,,,,,,,1.0,0.0,0.0,0.0,0.0,32354.0,22789.0,35912.0,696.0,181.0,5218.0,11166.0,0.1023,129.0
KABUPATEN SUBANG,2020-01-01,0.25,1.29,0.0931,80.54,68.95,0.2842,26363.0,10110.0,14134.0,12545.0,9266.0,14531.0,13146.0,6604.0,2585.0,810.0,888.0,1481.0,1823.0,1307.0,2010.0,2576.0,4398.0,24.0,,,,,,30772.0,25161.0,0.5371,604.0,,,,33280.0,,,,,,,,,0.0,0.0,0.0,0.0,0.0,46601.0,19777.0,31404.0,2284.0,1898.0,2977.0,4283.0,0.0517,76.0
KABUPATEN PURWAKARTA,2020-01-01,0.2,1.04,0.0827,78.45,70.82,0.3306,19300.0,4609.0,9178.0,6723.0,6530.0,7055.0,11460.0,3062.0,1642.0,394.0,354.0,777.0,708.0,628.0,689.0,1259.0,1392.0,16.0,,,,,,17386.0,15021.0,0.6219,444.0,,,,17650.0,,,,,,,,,0.0,0.0,0.0,0.0,0.0,21805.0,18067.0,17108.0,1013.0,272.0,2648.0,8051.0,0.1269,47.0
KABUPATEN KARAWANG,2020-01-01,0.25,1.28,0.08259999999999999,80.23,70.66,0.1921,44495.0,10563.0,13795.0,13453.0,13646.0,15485.0,16301.0,8266.0,8020.0,816.0,922.0,1346.0,1478.0,1262.0,1113.0,2503.0,2227.0,32.0,,,,,,42304.0,36214.0,0.6815000000000001,1056.0,,,,43049.0,,,,,,,,,2.0,0.0,0.0,7.0,0.0,40661.0,31527.0,34780.0,1039.0,330.0,4647.0,3982.0,0.0254,87.0
KABUPATEN BEKASI,2020-01-01,0.18,0.72,0.0482,82.58,74.07,0.2883,85125.0,8773.0,16202.0,12558.0,12401.0,14990.0,17818.0,7303.0,835.0,267.0,579.0,499.0,1029.0,992.0,996.0,1835.0,1759.0,84.0,,,,,,1223.0,31860.0,0.6553,375.0,,,,77402.0,,,,,,,,,4.0,0.0,0.0,0.0,0.0,40549.0,35689.0,36350.0,11470.0,439.0,6723.0,9373.0,0.0427,127.0
KABUPATEN BANDUNG BARAT,2020-01-01,0.25,1.4,0.1049,80.52,68.08,0.3223,33925.0,8550.0,12384.0,19033.0,10153.0,12705.0,14589.0,5739.0,2047.0,427.0,436.0,838.0,713.0,986.0,719.0,1808.0,1289.0,21.0,,,,,,28277.0,28663.0,0.7212000000000001,723.0,,,,30558.0,,,,,,,,,0.0,0.0,0.0,15.0,0.0,40989.0,23742.0,35067.0,1061.0,195.0,6130.0,15440.0,0.13570000000000002,84.0
KABUPATEN PANGANDARAN,2020-01-01,0.28,1.32,0.08990000000000001,79.08,68.06,0.5095000000000001,6244.0,2178.0,2263.0,2179.0,1839.0,2365.0,2714.0,1141.0,767.0,84.0,120.0,150.0,183.0,213.0,154.0,386.0,287.0,5.0,,,,,,5978.0,4502.0,0.8484,268.0,,,,6136.0,,,,,,,,,0.0,0.0,0.0,0.0,0.0,7346.0,3190.0,5725.0,311.0,126.0,161.0,1312.0,0.0587,18.0
KOTA BOGOR,2020-01-01,0.26,1.08,0.0668,82.48,76.11,0.3049,20902.0,,,,,,,,1545.0,,,,,,,,,,,,,,,16911.0,,0.5371,301.0,,,,18792.0,,,,,,,,,0.0,95.0,0.0,74.0,0.0,,,,,,2915.0,5948.0,0.0765,
KOTA SUKABUMI,2020-01-01,0.22,1.17,0.077,80.65,74.21,0.2654,6215.0,,,,,,,,417.0,,,,,,,,,,,,,,,5729.0,,0.7739,264.0,,,,6167.0,,,,,,,,,0.0,29.0,0.0,14.0,0.0,,,,,,1333.0,1616.0,0.0732,
KOTA BANDUNG,2020-01-01,0.13,0.61,0.039900000000000005,83.51,81.51,0.2654,42863.0,,,,,,,,1785.0,,,,,,,,,,,,,,,37366.0,,0.5667,1004.0,,,,34414.0,,,,,,,,,2.0,0.0,1.0,40.0,0.0,,,,,,7910.0,9508.0,0.0886,
KOTA CIREBON,2020-01-01,0.4,1.68,0.0952,80.4,74.89,0.3645000000000001,5713.0,,,,,,,,518.0,,,,,,,,,,,,,,,5240.0,,0.7206,240.0,,,,5189.0,,,,,,,,,12.0,0.0,0.0,41.0,0.0,,,,,,2149.0,2360.0,0.1375,
KOTA BEKASI,2020-01-01,0.15,0.6,0.0438,84.63,81.5,0.2612,57307.0,,,,,,,,1614.0,,,,,,,,,,,,,,,46380.0,,0.4703,326.0,,,,46126.0,,,,,,,,,11.0,48.0,0.0,4.0,0.0,,,,,,8228.0,13964.0,0.1035,
KOTA DEPOK,2020-01-01,0.06,0.29,0.0245,83.75,80.97,0.2441,48928.0,,,,,,,,3496.0,,,,,,,,,,,,,,,34046.0,,0.6849,276.0,,,,44511.0,,,,,,,,,4.0,0.0,0.0,0.0,0.0,,,,,,5948.0,6425.0,0.0809,
KOTA CIMAHI,2020-01-01,0.18,0.75,0.051100000000000007,83.12,77.83,0.2358,11528.0,,,,,,,,332.0,,,,,,,,,,,,,,,9999.0,,0.7646999999999999,207.0,,,,10402.0,,,,,,,,,0.0,0.0,0.0,24.0,0.0,,,,,,2491.0,3708.0,0.1152,
KOTA TASIKMALAYA,2020-01-01,0.39,1.75,0.1297,80.23,73.04,0.2841,12181.0,,,,,,,,1265.0,,,,,,,,,,,,,,,12004.0,,0.6831,369.0,,,,11845.0,,,,,,,,,0.0,0.0,0.0,0.0,0.0,,,,,,3738.0,7746.0,0.1757,
KOTA BANJAR,2020-01-01,0.12,0.7,0.0609,78.45,,0.3772,3104.0,821.0,889.0,927.0,728.0,883.0,959.0,610.0,578.0,30.0,49.0,46.0,65.0,60.0,70.0,89.0,159.0,0.0,,,,,,2177.0,1908.0,0.8172,122.0,,,,2979.0,,,,,,,,,0.0,0.0,0.0,4.0,0.0,2755.0,1480.0,2609.0,68.0,51.0,1086.0,1355.0,0.1381,1.0
KABUPATEN BOGOR,2021-01-01,,,,79.02,,0.675,,28376.0,38052.0,37153.0,32158.0,38480.0,46902.0,23041.0,,1901.0,3474.0,5703.0,7562.0,2961.0,3560.0,10274.0,10073.0,136.0,,,,,,,88184.0,,1383.0,,,,109561.0,,,,,,,,,,,,,,128793.0,85812.0,114830.0,,806.0,16821.0,30844.0,0.0959,144.0
KABUPATEN SUKABUMI,2021-01-01,,,,78.78,,0.2775,,19830.0,23999.0,23465.0,19934.0,25086.0,30043.0,14037.0,,2805.0,2333.0,7342.0,6435.0,3229.0,2971.0,9568.0,8582.0,23.0,,,,,,,48959.0,,2015.0,,,,45196.0,,,,,,,,,,,,,,71774.0,38930.0,69340.0,,1293.0,6099.0,14347.0,0.0733,56.0
KABUPATEN CIANJUR,2021-01-01,,,,77.42,,0.3215,,15285.0,17708.0,16927.0,11513.0,17901.0,21126.0,9383.0,,1415.0,1955.0,3746.0,4547.0,1952.0,1588.0,5626.0,4765.0,28.0,,,,,,,46316.0,,1085.0,,,,42225.0,,,,,,,,,,,,,,63885.0,35429.0,55961.0,,1074.0,5788.0,7768.0,0.0423,57.0
KABUPATEN BANDUNG,2021-01-01,,,,82.65,,0.2218,,19393.0,25469.0,24261.0,19215.0,24936.0,29013.0,14813.0,,1827.0,1965.0,4866.0,4637.0,2288.0,2000.0,7298.0,6476.0,28.0,,,,,,,60302.0,,1974.0,,,,73888.0,,,,,,,,,,,,,,93968.0,53798.0,81370.0,,1425.0,8809.0,20461.0,0.0885,63.0
KABUPATEN GARUT,2021-01-01,,,,79.37,,0.2313,,17161.0,21803.0,20300.0,16348.0,22742.0,28060.0,10797.0,,2083.0,1884.0,6240.0,5051.0,2640.0,2229.0,8408.0,7439.0,38.0,,,,,,,51268.0,,1786.0,,,,60424.0,,,,,,,,,,,,,,70474.0,37239.0,61374.0,,639.0,313.0,10027.0,0.0478,102.0
KABUPATEN TASIKMALAYA,2021-01-01,,,,76.42,,0.2591,,9800.0,12322.0,11094.0,8124.0,12242.0,15657.0,5840.0,,1481.0,1549.0,4330.0,4479.0,2244.0,2029.0,7501.0,6109.0,35.0,,,,,,,30093.0,,1266.0,,,,29950.0,,,,,,,,,,,,,,44877.0,20804.0,34521.0,,1210.0,4572.0,15183.0,0.1493,96.0
KABUPATEN CIAMIS,2021-01-01,,,,80.03,,0.2552,,7297.0,9324.0,8739.0,6523.0,8767.0,10459.0,4937.0,,1001.0,964.0,2443.0,2259.0,1136.0,1246.0,3290.0,3492.0,10.0,,,,,,,18101.0,,794.0,,,,18438.0,,,,,,,,,,,,,,26422.0,14757.0,23089.0,,923.0,2368.0,3303.0,0.0483,41.0
KABUPATEN KUNINGAN,2021-01-01,,,,82.74,,0.2394,,7878.0,8710.0,8672.0,7192.0,8259.0,9104.0,6394.0,,787.0,806.0,2858.0,3027.0,958.0,968.0,4516.0,4010.0,52.0,,,,,,,25213.0,,1046.0,,,,18469.0,,,,,,,,,,,,,,29992.0,20945.0,28637.0,,288.0,2461.0,3665.0,0.0537,18.0
KABUPATEN CIREBON,2021-01-01,,,,80.28,,0.308,,19678.0,24850.0,24888.0,22157.0,26108.0,30053.0,16978.0,,1823.0,2651.0,6155.0,6601.0,2928.0,2949.0,8860.0,9060.0,51.0,,,,,,,58144.0,,1110.0,,,,46341.0,,,,,,,,,,,,,,72750.0,53589.0,62897.0,,1296.0,13385.0,15220.0,0.0936,137.0
KABUPATEN MAJALENGKA,2021-01-01,,,,77.63,,0.2636,,10133.0,11804.0,11756.0,8183.0,11509.0,12537.0,6992.0,,780.0,960.0,2281.0,2974.0,746.0,843.0,3413.0,3523.0,177.0,,,,,,,23841.0,,745.0,,,,19835.0,,,,,,,,,,,,,,33622.0,21071.0,33143.0,,345.0,3705.0,2934.0,0.0352,43.0
KABUPATEN SUMEDANG,2021-01-01,,,,80.95,,0.2241,,7014.0,8104.0,8016.0,6281.0,7837.0,8707.0,5252.0,,782.0,902.0,2232.0,2338.0,707.0,711.0,2292.0,2303.0,6.0,,,,,,,17413.0,,455.0,,,,17881.0,,,,,,,,,,,,,,24823.0,15461.0,22947.0,,743.0,2382.0,8117.0,0.1103,33.0
KABUPATEN INDRAMAYU,2021-01-01,,,,79.75,,0.3123,,9932.0,13856.0,13836.0,11640.0,13587.0,16861.0,7880.0,,301.0,696.0,882.0,2255.0,748.0,603.0,2085.0,1571.0,37.0,,,,,,,33184.0,,948.0,,,,28613.0,,,,,,,,,,,,,,37977.0,26697.0,36314.0,,235.0,5586.0,5208.0,0.0483,127.0
KABUPATEN SUBANG,2021-01-01,,,,80.89,,0.2153,,9177.0,11342.0,11159.0,8236.0,11448.0,13141.0,7581.0,,681.0,812.0,2162.0,2635.0,1183.0,1493.0,3759.0,5891.0,27.0,,,,,,,28723.0,,491.0,,,,33340.0,,,,,,,,,,,,,,49342.0,22870.0,33006.0,,817.0,2736.0,2088.0,0.0245,77.0
KABUPATEN PURWAKARTA,2021-01-01,,,,78.74,,0.2784,,7553.0,11268.0,11171.0,7778.0,9144.0,12348.0,6554.0,,573.0,562.0,1350.0,1270.0,789.0,783.0,2048.0,2175.0,17.0,,,,,,,18729.0,,371.0,,,,18082.0,,,,,,,,,,,,,,23457.0,21443.0,18987.0,,490.0,922.0,3709.0,0.0558,46.0
KABUPATEN KARAWANG,2021-01-01,,,,80.51,,0.1512,,9620.0,12829.0,12443.0,11511.0,13494.0,16101.0,8574.0,,637.0,919.0,1983.0,2397.0,1142.0,1016.0,3645.0,3243.0,30.0,,,,,,,40309.0,,862.0,,,,37657.0,,,,,,,,,,,,,,42705.0,35437.0,38327.0,,286.0,2914.0,3715.0,0.023,83.0
KABUPATEN BEKASI,2021-01-01,,,,82.78,,0.386,,10322.0,16402.0,15626.0,14923.0,17117.0,21980.0,8568.0,,274.0,597.0,773.0,1626.0,1016.0,1020.0,2851.0,2779.0,137.0,,,,,,,37613.0,,328.0,,,,76801.0,,,,,,,,,,,,,,45803.0,39475.0,39035.0,,629.0,15485.0,8755.0,0.0392,232.0
KABUPATEN BANDUNG BARAT,2021-01-01,,,,80.8,,0.197,,12880.0,15305.0,15268.0,11391.0,14440.0,16498.0,9482.0,,498.0,636.0,1336.0,1349.0,1033.0,836.0,2841.0,2125.0,18.0,,,,,,,37118.0,,548.0,,,,23679.0,,,,,,,,,,,,,,50043.0,33519.0,45953.0,,249.0,5210.0,12488.0,0.1185,82.0
KABUPATEN PANGANDARAN,2021-01-01,,,,79.38,,0.3758,,2175.0,2621.0,2561.0,2182.0,2575.0,3043.0,1788.0,,139.0,192.0,289.0,375.0,252.0,298.0,638.0,585.0,5.0,,,,,,,5483.0,,291.0,,,,6020.0,,,,,,,,,,,,,,9020.0,5629.0,7287.0,,145.0,347.0,999.0,0.042,16.0
KOTA BOGOR,2021-01-01,,,,82.8,,0.1779,,,,,,,,,,,,,,,,,,,,,,,,,,,314.0,,,,17613.0,,,,,,,,,,,,,,,,,,,2990.0,3950.0,0.054000000000000006,
KOTA SUKABUMI,2021-01-01,,,,80.89,,0.1606,,,,,,,,,,,,,,,,,,,,,,,,,,,179.0,,,,5771.0,,,,,,,,,,,,,,,,,,,621.0,1180.0,0.059,
KOTA BANDUNG,2021-01-01,,,,83.78,,0.1427,,,,,,,,,,,,,,,,,,,,,,,,,,,546.0,,,,38017.0,,,,,,,,,,,,,,,,,,,4996.0,6312.0,0.0783,
KOTA CIREBON,2021-01-01,,,,80.68,,0.1929,,,,,,,,,,,,,,,,,,,,,,,,,,,248.0,,,,5081.0,,,,,,,,,,,,,,,,,,,2394.0,2411.0,0.13390000000000002,
KOTA BEKASI,2021-01-01,,,,84.91,,0.2546,,,,,,,,,,,,,,,,,,,,,,,,,,,851.0,,,,44445.0,,,,,,,,,,,,,,,,,,,5662.0,9820.0,0.0787,
KOTA DEPOK,2021-01-01,,,,84.03,,0.1549,,,,,,,,,,,,,,,,,,,,,,,,,,,446.0,,,,41778.0,,,,,,,,,,,,,,,,,,,2397.0,3726.0,0.0351,
KOTA CIMAHI,2021-01-01,,,,83.4,,0.1623,,,,,,,,,,,,,,,,,,,,,,,,,,,248.0,,,,10096.0,,,,,,,,,,,,,,,,,,,1221.0,3161.0,0.0994,
KOTA TASIKMALAYA,2021-01-01,,,,80.52,,0.1837,,,,,,,,,,,,,,,,,,,,,,,,,,,395.0,,,,11520.0,,,,,,,,,,,,,,,,,,,3766.0,6194.0,0.15460000000000002,
KOTA BANJAR ,2019-01-01,,,,,71.75,,,,,,,,,,,,,,,,,,,,,,,,,,,,,,,,,,,,,,,,,,,,,,,,,,,,,,
KOTA BANJAR ,2020-01-01,,,,,71.7,,,,,,,,,,,,,,,,,,,,,,,,,,,,,,,,,,,,,,,,,,,,,,,,,,,,,,
KOTA BANJAR,2021-01-01,,,,,,0.1371,,851.0,910.0,896.0,666.0,893.0,956.0,618.0,,45.0,78.0,91.0,143.0,47.0,47.0,136.0,206.0,1.0,,,,,,,1833.0,,,,,,2849.0,,,,,,,,,,,,,,3004.0,1378.0,2788.0,,83.0,603.0,929.0,0.0885,1.0
